#node1	node2	node1_string_id	node2_string_id	neighborhood_on_chromosome	gene_fusion	phylogenetic_cooccurrence	homology	coexpression	experimentally_determined_interaction	database_annotated	automated_textmining	combined_score
AKT1	MAPK1	9606.ENSP00000451828	9606.ENSP00000215832	0	0	0	0.593	0.118	0.110	0.900	0.872	0.988
AKT1	TIMP1	9606.ENSP00000451828	9606.ENSP00000218388	0	0	0	0	0.056	0.045	0	0.599	0.607
AKT1	MMP2	9606.ENSP00000451828	9606.ENSP00000219070	0	0	0	0	0.055	0	0	0.844	0.846
AKT1	IL2	9606.ENSP00000451828	9606.ENSP00000226730	0	0	0	0	0	0	0	0.692	0.692
AKT1	CCND1	9606.ENSP00000451828	9606.ENSP00000227507	0	0	0	0	0.088	0	0	0.919	0.923
AKT1	IRF1	9606.ENSP00000451828	9606.ENSP00000245414	0	0	0	0	0.074	0.094	0	0.450	0.499
AKT1	MDM2	9606.ENSP00000451828	9606.ENSP00000258149	0	0	0	0	0	0.891	0.900	0.980	0.999
AKT1	IL1B	9606.ENSP00000451828	9606.ENSP00000263341	0	0	0	0	0	0	0	0.864	0.864
AKT1	KDR	9606.ENSP00000451828	9606.ENSP00000263923	0	0	0	0.560	0.056	0.074	0	0.701	0.715
AKT1	EGF	9606.ENSP00000451828	9606.ENSP00000265171	0	0	0	0	0	0	0	0.933	0.933
AKT1	ERBB3	9606.ENSP00000451828	9606.ENSP00000267101	0	0	0	0	0	0.328	0	0.791	0.854
AKT1	RB1	9606.ENSP00000451828	9606.ENSP00000267163	0	0	0	0	0.060	0.045	0	0.576	0.586
AKT1	TP53	9606.ENSP00000451828	9606.ENSP00000269305	0	0	0	0	0.049	0.184	0.900	0.934	0.994
AKT1	ERBB2	9606.ENSP00000451828	9606.ENSP00000269571	0	0	0	0.561	0.060	0.222	0	0.436	0.552
AKT1	EGFR	9606.ENSP00000451828	9606.ENSP00000275493	0	0	0	0.559	0.042	0.640	0	0.445	0.792
AKT1	PPARG	9606.ENSP00000451828	9606.ENSP00000287820	0	0	0	0	0.084	0.071	0	0.773	0.790
AKT1	BAX	9606.ENSP00000451828	9606.ENSP00000293288	0	0	0	0	0.160	0.292	0	0.631	0.761
AKT1	BIRC5	9606.ENSP00000451828	9606.ENSP00000301633	0	0	0	0	0	0.092	0	0.482	0.509
AKT1	CXCL8	9606.ENSP00000451828	9606.ENSP00000306512	0	0	0	0	0	0	0	0.720	0.720
AKT1	CASP3	9606.ENSP00000451828	9606.ENSP00000311032	0	0	0	0	0.044	0.311	0	0.923	0.945
AKT1	MET	9606.ENSP00000451828	9606.ENSP00000317272	0	0	0	0.570	0	0.071	0	0.389	0.408
AKT1	PGR	9606.ENSP00000451828	9606.ENSP00000325120	0	0	0	0	0.067	0.071	0	0.664	0.683
AKT1	ESR2	9606.ENSP00000451828	9606.ENSP00000343925	0	0	0	0	0.055	0.071	0	0.669	0.684
AKT1	RASSF1	9606.ENSP00000451828	9606.ENSP00000349547	0	0	0	0	0.060	0.184	0	0.665	0.720
AKT1	CASP8	9606.ENSP00000451828	9606.ENSP00000351273	0	0	0	0	0.059	0.067	0	0.780	0.790
AKT1	MTOR	9606.ENSP00000451828	9606.ENSP00000354558	0	0	0	0	0.060	0.925	0.900	0.954	0.999
AKT1	PARP1	9606.ENSP00000451828	9606.ENSP00000355759	0	0	0	0	0.049	0	0	0.824	0.825
AKT1	PTGS2	9606.ENSP00000451828	9606.ENSP00000356438	0	0	0	0	0.078	0	0	0.767	0.775
AKT1	FASLG	9606.ENSP00000451828	9606.ENSP00000356694	0	0	0	0	0	0.067	0	0.658	0.667
AKT1	MMP9	9606.ENSP00000451828	9606.ENSP00000361405	0	0	0	0	0.086	0	0	0.819	0.827
AKT1	AR	9606.ENSP00000451828	9606.ENSP00000363822	0	0	0	0	0.055	0.636	0	0.721	0.895
AKT1	BCL2L1	9606.ENSP00000451828	9606.ENSP00000365230	0	0	0	0	0.095	0.292	0.900	0.888	0.991
AKT1	CHEK2	9606.ENSP00000451828	9606.ENSP00000372023	0	0	0	0.634	0.067	0.076	0	0.524	0.554
AKT1	CYP1A1	9606.ENSP00000451828	9606.ENSP00000378488	0	0	0	0	0.055	0.051	0	0.416	0.430
AKT1	NFE2L2	9606.ENSP00000451828	9606.ENSP00000380252	0	0	0	0	0.049	0.317	0.400	0.825	0.923
AKT1	BCL2	9606.ENSP00000451828	9606.ENSP00000381185	0	0	0	0	0	0	0.900	0.934	0.993
AKT1	GSTP1	9606.ENSP00000451828	9606.ENSP00000381607	0	0	0	0	0.043	0	0	0.400	0.401
AKT1	CDKN1A	9606.ENSP00000451828	9606.ENSP00000384849	0	0	0	0	0	0.776	0.900	0.833	0.995
AKT1	IL6	9606.ENSP00000451828	9606.ENSP00000385675	0	0	0	0	0	0	0	0.872	0.872
AKT1	IGF2	9606.ENSP00000451828	9606.ENSP00000391826	0	0	0	0	0	0	0	0.693	0.693
AKT1	TNF	9606.ENSP00000451828	9606.ENSP00000398698	0	0	0	0	0.074	0.057	0	0.903	0.907
AKT1	RAF1	9606.ENSP00000451828	9606.ENSP00000401888	0	0	0.145	0.583	0.075	0.816	0.900	0.557	0.992
AKT1	ESR1	9606.ENSP00000451828	9606.ENSP00000405330	0	0	0	0	0.055	0.314	0	0.877	0.913
AKT1	HIF1A	9606.ENSP00000451828	9606.ENSP00000437955	0	0	0	0	0	0.229	0	0.916	0.932
AKT1	MYC	9606.ENSP00000451828	9606.ENSP00000478887	0	0	0	0	0	0.169	0	0.918	0.928
AKT1	CTNNB1	9606.ENSP00000451828	9606.ENSP00000495360	0	0	0	0	0.074	0.539	0.400	0.930	0.979
AR	MAPK1	9606.ENSP00000363822	9606.ENSP00000215832	0	0	0	0	0	0.292	0	0.360	0.527
AR	MMP2	9606.ENSP00000363822	9606.ENSP00000219070	0	0	0	0	0.059	0	0	0.400	0.412
AR	CCND1	9606.ENSP00000363822	9606.ENSP00000227507	0	0	0	0	0.072	0.738	0	0.831	0.955
AR	MDM2	9606.ENSP00000363822	9606.ENSP00000258149	0	0	0	0	0	0.920	0	0.979	0.998
AR	IL1B	9606.ENSP00000363822	9606.ENSP00000263341	0	0	0	0	0.051	0	0	0.627	0.630
AR	EGF	9606.ENSP00000363822	9606.ENSP00000265171	0	0	0	0	0.063	0	0	0.737	0.743
AR	ERBB3	9606.ENSP00000363822	9606.ENSP00000267101	0	0	0	0	0.042	0.329	0	0.479	0.636
AR	RB1	9606.ENSP00000363822	9606.ENSP00000267163	0	0	0	0	0	0.629	0.500	0.397	0.878
AR	TP53	9606.ENSP00000363822	9606.ENSP00000269305	0	0	0	0	0	0.439	0	0.838	0.905
AR	ERBB2	9606.ENSP00000363822	9606.ENSP00000269571	0	0	0	0	0.058	0.092	0	0.772	0.788
AR	EGFR	9606.ENSP00000363822	9606.ENSP00000275493	0	0	0	0	0	0.536	0	0.720	0.864
AR	PPARG	9606.ENSP00000363822	9606.ENSP00000287820	0	0	0	0.571	0	0	0	0.517	0.517
AR	CASP3	9606.ENSP00000363822	9606.ENSP00000311032	0	0	0	0	0.046	0	0	0.595	0.597
AR	MET	9606.ENSP00000363822	9606.ENSP00000317272	0	0	0	0	0.046	0.071	0	0.488	0.507
AR	PGR	9606.ENSP00000363822	9606.ENSP00000325120	0	0	0	0.806	0.124	0	0.500	0.509	0.766
AR	ESR2	9606.ENSP00000363822	9606.ENSP00000343925	0	0	0	0.668	0.102	0	0	0.560	0.588
AR	CASP8	9606.ENSP00000363822	9606.ENSP00000351273	0	0	0	0	0.046	0.304	0	0.357	0.536
AR	MTOR	9606.ENSP00000363822	9606.ENSP00000354558	0	0	0	0	0	0	0	0.548	0.548
AR	PARP1	9606.ENSP00000363822	9606.ENSP00000355759	0	0	0	0	0	0	0	0.621	0.621
AR	PTGS2	9606.ENSP00000363822	9606.ENSP00000356438	0	0	0	0	0.047	0	0	0.420	0.423
AR	MMP9	9606.ENSP00000363822	9606.ENSP00000361405	0	0	0	0	0	0	0	0.495	0.495
AR	GSTP1	9606.ENSP00000363822	9606.ENSP00000381607	0	0	0	0	0	0.045	0	0.418	0.420
AR	IGF2	9606.ENSP00000363822	9606.ENSP00000391826	0	0	0	0	0.042	0	0	0.425	0.425
AR	NFE2L2	9606.ENSP00000363822	9606.ENSP00000380252	0	0	0	0	0	0	0	0.438	0.438
AR	BCL2L1	9606.ENSP00000363822	9606.ENSP00000365230	0	0	0	0	0	0.045	0	0.475	0.477
AR	CDKN1A	9606.ENSP00000363822	9606.ENSP00000384849	0	0	0	0	0	0	0	0.480	0.480
AR	TNF	9606.ENSP00000363822	9606.ENSP00000398698	0	0	0	0	0.055	0	0	0.476	0.483
AR	RAF1	9606.ENSP00000363822	9606.ENSP00000401888	0	0	0	0	0	0.309	0	0.299	0.495
AR	IL6	9606.ENSP00000363822	9606.ENSP00000385675	0	0	0	0	0.054	0	0	0.571	0.576
AR	BCL2	9606.ENSP00000363822	9606.ENSP00000381185	0	0	0	0	0	0.045	0	0.622	0.623
AR	MYC	9606.ENSP00000363822	9606.ENSP00000478887	0	0	0	0	0.053	0.045	0	0.695	0.700
AR	HIF1A	9606.ENSP00000363822	9606.ENSP00000437955	0	0	0	0	0.067	0.525	0	0.733	0.871
AR	ESR1	9606.ENSP00000363822	9606.ENSP00000405330	0	0	0	0.651	0.172	0	0	0.978	0.981
AR	CTNNB1	9606.ENSP00000363822	9606.ENSP00000495360	0	0	0	0	0.052	0.888	0	0.968	0.996
BAX	CCND1	9606.ENSP00000293288	9606.ENSP00000227507	0	0	0	0	0.052	0	0	0.546	0.552
BAX	MDM2	9606.ENSP00000293288	9606.ENSP00000258149	0	0	0	0	0.088	0	0	0.431	0.459
BAX	IL1B	9606.ENSP00000293288	9606.ENSP00000263341	0	0	0	0	0.055	0	0	0.543	0.550
BAX	TP53	9606.ENSP00000293288	9606.ENSP00000269305	0	0	0	0	0.080	0.782	0.900	0.774	0.994
BAX	EGFR	9606.ENSP00000293288	9606.ENSP00000275493	0	0	0	0	0.048	0	0	0.413	0.418
BAX	CTNNB1	9606.ENSP00000293288	9606.ENSP00000495360	0	0	0	0	0.063	0	0	0.397	0.411
BAX	MYC	9606.ENSP00000293288	9606.ENSP00000478887	0	0	0	0	0.065	0	0	0.400	0.415
BAX	HIF1A	9606.ENSP00000293288	9606.ENSP00000437955	0	0	0	0	0	0	0	0.447	0.447
BAX	MMP9	9606.ENSP00000293288	9606.ENSP00000361405	0	0	0	0	0.042	0	0	0.448	0.448
BAX	FASLG	9606.ENSP00000293288	9606.ENSP00000356694	0	0	0	0	0	0	0	0.480	0.480
BAX	TNF	9606.ENSP00000293288	9606.ENSP00000398698	0	0	0	0	0.050	0.076	0	0.480	0.503
BAX	CDKN1A	9606.ENSP00000293288	9606.ENSP00000384849	0	0	0	0	0.111	0	0	0.466	0.505
BAX	IL6	9606.ENSP00000293288	9606.ENSP00000385675	0	0	0	0	0.055	0	0	0.508	0.515
BAX	MTOR	9606.ENSP00000293288	9606.ENSP00000354558	0	0	0	0	0.054	0	0	0.528	0.534
BAX	NFE2L2	9606.ENSP00000293288	9606.ENSP00000380252	0	0	0	0	0.055	0	0	0.542	0.549
BAX	PARP1	9606.ENSP00000293288	9606.ENSP00000355759	0	0	0	0	0.042	0	0	0.559	0.560
BAX	PTGS2	9606.ENSP00000293288	9606.ENSP00000356438	0	0	0	0	0	0	0	0.664	0.664
BAX	CASP8	9606.ENSP00000293288	9606.ENSP00000351273	0	0	0	0	0.049	0.349	0	0.782	0.853
BAX	CASP3	9606.ENSP00000293288	9606.ENSP00000311032	0	0	0	0	0.049	0.349	0	0.828	0.884
BAX	BCL2	9606.ENSP00000293288	9606.ENSP00000381185	0	0	0	0.641	0	0.991	0.900	0.972	0.999
BAX	BCL2L1	9606.ENSP00000293288	9606.ENSP00000365230	0	0	0	0.639	0.082	0.999	0.900	0.882	0.999
BCL2	MAPK1	9606.ENSP00000381185	9606.ENSP00000215832	0	0	0	0	0.086	0.292	0.900	0.586	0.969
BCL2	TIMP1	9606.ENSP00000381185	9606.ENSP00000218388	0	0	0	0	0	0	0	0.519	0.519
BCL2	MMP2	9606.ENSP00000381185	9606.ENSP00000219070	0	0	0	0	0	0	0	0.716	0.716
BCL2	IL2	9606.ENSP00000381185	9606.ENSP00000226730	0	0	0	0	0.044	0	0	0.758	0.758
BCL2	CCND1	9606.ENSP00000381185	9606.ENSP00000227507	0	0	0	0	0.052	0	0	0.957	0.958
BCL2	IRF1	9606.ENSP00000381185	9606.ENSP00000245414	0	0	0	0	0.044	0	0	0.408	0.409
BCL2	MDM2	9606.ENSP00000381185	9606.ENSP00000258149	0	0	0	0	0.056	0	0	0.953	0.953
BCL2	IL1B	9606.ENSP00000381185	9606.ENSP00000263341	0	0	0	0	0.055	0	0	0.805	0.808
BCL2	KDR	9606.ENSP00000381185	9606.ENSP00000263923	0	0	0	0	0.044	0	0	0.608	0.609
BCL2	EGF	9606.ENSP00000381185	9606.ENSP00000265171	0	0	0	0	0	0	0	0.684	0.684
BCL2	ERBB3	9606.ENSP00000381185	9606.ENSP00000267101	0	0	0	0	0.048	0	0	0.519	0.523
BCL2	RB1	9606.ENSP00000381185	9606.ENSP00000267163	0	0	0	0	0.060	0	0	0.531	0.540
BCL2	TP53	9606.ENSP00000381185	9606.ENSP00000269305	0	0	0	0	0.103	0.869	0.900	0.999	0.999
BCL2	ERBB2	9606.ENSP00000381185	9606.ENSP00000269571	0	0	0	0	0.048	0	0	0.848	0.849
BCL2	EGFR	9606.ENSP00000381185	9606.ENSP00000275493	0	0	0	0	0.048	0	0	0.838	0.839
BCL2	PPARG	9606.ENSP00000381185	9606.ENSP00000287820	0	0	0	0	0	0.045	0	0.647	0.649
BCL2	BIRC5	9606.ENSP00000381185	9606.ENSP00000301633	0	0	0	0	0.048	0.051	0	0.607	0.614
BCL2	CXCL8	9606.ENSP00000381185	9606.ENSP00000306512	0	0	0	0	0	0	0	0.621	0.621
BCL2	CASP3	9606.ENSP00000381185	9606.ENSP00000311032	0	0	0	0	0.098	0.354	0	0.980	0.987
BCL2	MET	9606.ENSP00000381185	9606.ENSP00000317272	0	0	0	0	0	0	0	0.600	0.600
BCL2	PGR	9606.ENSP00000381185	9606.ENSP00000325120	0	0	0	0	0.047	0.045	0	0.632	0.636
BCL2	ESR2	9606.ENSP00000381185	9606.ENSP00000343925	0	0	0	0	0.056	0.045	0	0.591	0.599
BCL2	CASP8	9606.ENSP00000381185	9606.ENSP00000351273	0	0	0	0	0.086	0.648	0	0.954	0.984
BCL2	MTOR	9606.ENSP00000381185	9606.ENSP00000354558	0	0	0	0	0	0	0	0.765	0.765
BCL2	PARP1	9606.ENSP00000381185	9606.ENSP00000355759	0	0	0	0	0.112	0.292	0	0.879	0.917
BCL2	PTGS2	9606.ENSP00000381185	9606.ENSP00000356438	0	0	0	0	0	0	0	0.745	0.745
BCL2	FASLG	9606.ENSP00000381185	9606.ENSP00000356694	0	0	0	0	0.049	0	0	0.809	0.811
BCL2	MMP9	9606.ENSP00000381185	9606.ENSP00000361405	0	0	0	0	0.087	0	0	0.794	0.804
BCL2	BCL2L1	9606.ENSP00000381185	9606.ENSP00000365230	0	0	0	0.894	0	0.863	0.900	0.984	0.999
BCL2	CHEK2	9606.ENSP00000381185	9606.ENSP00000372023	0	0	0	0	0	0	0	0.572	0.572
BCL2	CYP1A1	9606.ENSP00000381185	9606.ENSP00000378488	0	0	0	0	0	0	0	0.411	0.411
BCL2	NFE2L2	9606.ENSP00000381185	9606.ENSP00000380252	0	0	0	0	0.048	0	0	0.685	0.687
BCL2	GSTP1	9606.ENSP00000381185	9606.ENSP00000381607	0	0	0	0	0	0	0	0.433	0.433
BCL2	IGF2	9606.ENSP00000381185	9606.ENSP00000391826	0	0	0	0	0.053	0	0	0.479	0.485
BCL2	CTNNB1	9606.ENSP00000381185	9606.ENSP00000495360	0	0	0	0	0.051	0	0	0.779	0.781
BCL2	CDKN1A	9606.ENSP00000381185	9606.ENSP00000384849	0	0	0	0	0.087	0	0	0.811	0.820
BCL2	IL6	9606.ENSP00000381185	9606.ENSP00000385675	0	0	0	0	0.057	0	0	0.866	0.868
BCL2	TNF	9606.ENSP00000381185	9606.ENSP00000398698	0	0	0	0	0.080	0.076	0	0.876	0.885
BCL2	RAF1	9606.ENSP00000381185	9606.ENSP00000401888	0	0	0	0	0.051	0.625	0	0.723	0.892
BCL2	ESR1	9606.ENSP00000381185	9606.ENSP00000405330	0	0	0	0	0.083	0.045	0.500	0.794	0.897
BCL2	HIF1A	9606.ENSP00000381185	9606.ENSP00000437955	0	0	0	0	0	0.510	0	0.895	0.946
BCL2	MYC	9606.ENSP00000381185	9606.ENSP00000478887	0	0	0	0	0.065	0.300	0	0.937	0.955
BCL2L1	MAPK1	9606.ENSP00000365230	9606.ENSP00000215832	0	0	0	0	0.107	0	0	0.648	0.672
BCL2L1	MMP2	9606.ENSP00000365230	9606.ENSP00000219070	0	0	0	0	0	0	0	0.570	0.570
BCL2L1	IL2	9606.ENSP00000365230	9606.ENSP00000226730	0	0	0	0	0.083	0	0	0.908	0.912
BCL2L1	CCND1	9606.ENSP00000365230	9606.ENSP00000227507	0	0	0	0	0.052	0	0	0.806	0.808
BCL2L1	MDM2	9606.ENSP00000365230	9606.ENSP00000258149	0	0	0	0	0.056	0.095	0	0.779	0.794
BCL2L1	IL1B	9606.ENSP00000365230	9606.ENSP00000263341	0	0	0	0	0.055	0	0	0.761	0.764
BCL2L1	KDR	9606.ENSP00000365230	9606.ENSP00000263923	0	0	0	0	0.058	0	0	0.464	0.473
BCL2L1	EGF	9606.ENSP00000365230	9606.ENSP00000265171	0	0	0	0	0	0	0	0.592	0.592
BCL2L1	ERBB3	9606.ENSP00000365230	9606.ENSP00000267101	0	0	0	0	0.048	0	0	0.441	0.445
BCL2L1	TP53	9606.ENSP00000365230	9606.ENSP00000269305	0	0	0	0	0.074	0.986	0	0.998	0.999
BCL2L1	ERBB2	9606.ENSP00000365230	9606.ENSP00000269571	0	0	0	0	0.048	0	0	0.765	0.767
BCL2L1	EGFR	9606.ENSP00000365230	9606.ENSP00000275493	0	0	0	0	0.048	0	0	0.846	0.847
BCL2L1	PPARG	9606.ENSP00000365230	9606.ENSP00000287820	0	0	0	0	0	0.045	0	0.502	0.505
BCL2L1	BIRC5	9606.ENSP00000365230	9606.ENSP00000301633	0	0	0	0	0.048	0.051	0	0.529	0.537
BCL2L1	CXCL8	9606.ENSP00000365230	9606.ENSP00000306512	0	0	0	0	0	0	0	0.507	0.507
BCL2L1	CASP3	9606.ENSP00000365230	9606.ENSP00000311032	0	0	0	0	0.044	0.209	0	0.940	0.950
BCL2L1	MET	9606.ENSP00000365230	9606.ENSP00000317272	0	0	0	0	0.059	0	0	0.485	0.495
BCL2L1	PGR	9606.ENSP00000365230	9606.ENSP00000325120	0	0	0	0	0	0.095	0	0.369	0.404
BCL2L1	CASP8	9606.ENSP00000365230	9606.ENSP00000351273	0	0	0	0	0.042	0.510	0	0.869	0.933
BCL2L1	MTOR	9606.ENSP00000365230	9606.ENSP00000354558	0	0	0	0	0.060	0.510	0	0.628	0.813
BCL2L1	PARP1	9606.ENSP00000365230	9606.ENSP00000355759	0	0	0	0	0.042	0	0	0.796	0.796
BCL2L1	PTGS2	9606.ENSP00000365230	9606.ENSP00000356438	0	0	0	0	0.087	0	0	0.608	0.627
BCL2L1	FASLG	9606.ENSP00000365230	9606.ENSP00000356694	0	0	0	0	0	0	0	0.728	0.728
BCL2L1	MMP9	9606.ENSP00000365230	9606.ENSP00000361405	0	0	0	0	0.042	0	0	0.648	0.649
BCL2L1	CHEK2	9606.ENSP00000365230	9606.ENSP00000372023	0	0	0	0	0	0	0	0.474	0.474
BCL2L1	NFE2L2	9606.ENSP00000365230	9606.ENSP00000380252	0	0	0	0	0.055	0	0	0.476	0.484
BCL2L1	ESR1	9606.ENSP00000365230	9606.ENSP00000405330	0	0	0	0	0	0.045	0	0.577	0.578
BCL2L1	HIF1A	9606.ENSP00000365230	9606.ENSP00000437955	0	0	0	0	0	0.094	0	0.655	0.674
BCL2L1	CDKN1A	9606.ENSP00000365230	9606.ENSP00000384849	0	0	0	0	0.134	0	0	0.673	0.704
BCL2L1	CTNNB1	9606.ENSP00000365230	9606.ENSP00000495360	0	0	0	0	0.096	0.359	0	0.628	0.766
BCL2L1	IL6	9606.ENSP00000365230	9606.ENSP00000385675	0	0	0	0	0.055	0	0	0.806	0.809
BCL2L1	MYC	9606.ENSP00000365230	9606.ENSP00000478887	0	0	0	0	0.065	0	0	0.859	0.863
BCL2L1	TNF	9606.ENSP00000365230	9606.ENSP00000398698	0	0	0	0	0.052	0.093	0	0.870	0.878
BCL2L1	RAF1	9606.ENSP00000365230	9606.ENSP00000401888	0	0	0	0	0.058	0.677	0	0.674	0.892
BIRC5	MMP2	9606.ENSP00000301633	9606.ENSP00000219070	0	0	0	0	0.059	0	0	0.475	0.484
BIRC5	CCND1	9606.ENSP00000301633	9606.ENSP00000227507	0	0	0	0	0.062	0	0.400	0.594	0.751
BIRC5	MDM2	9606.ENSP00000301633	9606.ENSP00000258149	0	0	0	0	0.055	0.055	0	0.405	0.422
BIRC5	TP53	9606.ENSP00000301633	9606.ENSP00000269305	0	0	0	0	0.143	0	0.750	0.703	0.930
BIRC5	ERBB2	9606.ENSP00000301633	9606.ENSP00000269571	0	0	0	0	0	0.130	0	0.669	0.700
BIRC5	EGFR	9606.ENSP00000301633	9606.ENSP00000275493	0	0	0	0	0	0.118	0	0.668	0.695
BIRC5	MMP9	9606.ENSP00000301633	9606.ENSP00000361405	0	0	0	0	0.108	0	0	0.356	0.401
BIRC5	HIF1A	9606.ENSP00000301633	9606.ENSP00000437955	0	0	0	0	0.042	0	0.400	0.399	0.624
BIRC5	ESR1	9606.ENSP00000301633	9606.ENSP00000405330	0	0	0	0	0.044	0.045	0	0.633	0.635
BIRC5	CTNNB1	9606.ENSP00000301633	9606.ENSP00000495360	0	0	0	0	0.070	0.292	0	0.511	0.650
BIRC5	CASP8	9606.ENSP00000301633	9606.ENSP00000351273	0	0	0	0	0.067	0.184	0	0.589	0.660
BIRC5	CDKN1A	9606.ENSP00000301633	9606.ENSP00000384849	0	0	0	0	0	0	0	0.679	0.679
BIRC5	MYC	9606.ENSP00000301633	9606.ENSP00000478887	0	0	0	0	0.091	0.051	0.400	0.702	0.825
BIRC5	CASP3	9606.ENSP00000301633	9606.ENSP00000311032	0	0	0	0	0.132	0.583	0	0.786	0.916
CASP3	MAPK1	9606.ENSP00000311032	9606.ENSP00000215832	0	0	0	0	0.100	0.045	0.900	0.599	0.961
CASP3	TIMP1	9606.ENSP00000311032	9606.ENSP00000218388	0	0	0	0	0.047	0	0	0.519	0.522
CASP3	MMP2	9606.ENSP00000311032	9606.ENSP00000219070	0	0	0	0	0.090	0	0	0.698	0.713
CASP3	IL2	9606.ENSP00000311032	9606.ENSP00000226730	0	0	0	0	0.044	0	0	0.594	0.596
CASP3	CCND1	9606.ENSP00000311032	9606.ENSP00000227507	0	0	0	0	0.055	0	0	0.845	0.847
CASP3	IRF1	9606.ENSP00000311032	9606.ENSP00000245414	0	0	0	0	0.107	0	0	0.630	0.656
CASP3	MDM2	9606.ENSP00000311032	9606.ENSP00000258149	0	0	0	0	0.066	0.832	0	0.803	0.966
CASP3	IL1B	9606.ENSP00000311032	9606.ENSP00000263341	0	0	0	0	0.045	0	0	0.898	0.899
CASP3	KDR	9606.ENSP00000311032	9606.ENSP00000263923	0	0	0	0	0	0	0	0.598	0.598
CASP3	EGF	9606.ENSP00000311032	9606.ENSP00000265171	0	0	0	0	0	0	0	0.801	0.801
CASP3	ERBB3	9606.ENSP00000311032	9606.ENSP00000267101	0	0	0	0	0.054	0	0	0.460	0.467
CASP3	RB1	9606.ENSP00000311032	9606.ENSP00000267163	0	0	0	0	0.049	0.510	0	0.510	0.751
CASP3	TP53	9606.ENSP00000311032	9606.ENSP00000269305	0	0	0	0	0.093	0.292	0	0.937	0.956
CASP3	ERBB2	9606.ENSP00000311032	9606.ENSP00000269571	0	0	0	0	0.054	0	0	0.683	0.687
CASP3	EGFR	9606.ENSP00000311032	9606.ENSP00000275493	0	0	0	0	0.061	0	0	0.741	0.747
CASP3	PPARG	9606.ENSP00000311032	9606.ENSP00000287820	0	0	0	0	0.046	0	0	0.692	0.694
CASP3	CXCL8	9606.ENSP00000311032	9606.ENSP00000306512	0	0	0	0	0.045	0	0	0.751	0.752
CASP3	CYP1A1	9606.ENSP00000311032	9606.ENSP00000378488	0	0	0	0	0	0	0	0.446	0.446
CASP3	PGR	9606.ENSP00000311032	9606.ENSP00000325120	0	0	0	0	0.046	0	0	0.515	0.518
CASP3	RAF1	9606.ENSP00000311032	9606.ENSP00000401888	0	0	0	0	0.044	0.067	0	0.514	0.528
CASP3	ESR2	9606.ENSP00000311032	9606.ENSP00000343925	0	0	0	0	0.046	0	0	0.540	0.543
CASP3	CHEK2	9606.ENSP00000311032	9606.ENSP00000372023	0	0	0	0	0.049	0	0	0.605	0.608
CASP3	IGF2	9606.ENSP00000311032	9606.ENSP00000391826	0	0	0	0	0	0	0	0.648	0.648
CASP3	ESR1	9606.ENSP00000311032	9606.ENSP00000405330	0	0	0	0	0.046	0	0	0.691	0.692
CASP3	MET	9606.ENSP00000311032	9606.ENSP00000317272	0	0	0	0	0	0.403	0	0.530	0.708
CASP3	NFE2L2	9606.ENSP00000311032	9606.ENSP00000380252	0	0	0	0	0.053	0	0	0.714	0.717
CASP3	MTOR	9606.ENSP00000311032	9606.ENSP00000354558	0	0	0	0	0.042	0	0	0.723	0.723
CASP3	HIF1A	9606.ENSP00000311032	9606.ENSP00000437955	0	0	0	0	0.094	0	0	0.752	0.766
CASP3	MMP9	9606.ENSP00000311032	9606.ENSP00000361405	0	0	0	0	0.101	0	0	0.793	0.806
CASP3	PTGS2	9606.ENSP00000311032	9606.ENSP00000356438	0	0	0	0	0.055	0	0	0.863	0.865
CASP3	IL6	9606.ENSP00000311032	9606.ENSP00000385675	0	0	0	0	0.103	0	0	0.873	0.881
CASP3	MYC	9606.ENSP00000311032	9606.ENSP00000478887	0	0	0	0	0	0	0	0.881	0.881
CASP3	FASLG	9606.ENSP00000311032	9606.ENSP00000356694	0	0	0	0	0.074	0	0	0.888	0.892
CASP3	TNF	9606.ENSP00000311032	9606.ENSP00000398698	0	0	0	0	0.098	0.096	0	0.932	0.939
CASP3	CTNNB1	9606.ENSP00000311032	9606.ENSP00000495360	0	0	0	0	0.088	0.395	0.750	0.782	0.965
CASP3	CDKN1A	9606.ENSP00000311032	9606.ENSP00000384849	0	0	0	0	0.057	0.828	0.900	0.806	0.996
CASP3	CASP8	9606.ENSP00000311032	9606.ENSP00000351273	0	0	0.088	0.828	0.105	0.786	0.900	0.983	0.999
CASP3	PARP1	9606.ENSP00000311032	9606.ENSP00000355759	0	0	0	0	0.064	0.867	0.900	0.953	0.999
CASP8	MAPK1	9606.ENSP00000351273	9606.ENSP00000215832	0	0	0	0	0.123	0.294	0	0.761	0.839
CASP8	MMP2	9606.ENSP00000351273	9606.ENSP00000219070	0	0	0	0	0.063	0	0	0.478	0.490
CASP8	IL2	9606.ENSP00000351273	9606.ENSP00000226730	0	0	0	0	0	0	0	0.491	0.491
CASP8	CCND1	9606.ENSP00000351273	9606.ENSP00000227507	0	0	0	0	0.067	0	0	0.679	0.687
CASP8	IRF1	9606.ENSP00000351273	9606.ENSP00000245414	0	0	0	0	0.159	0	0	0.433	0.502
CASP8	MDM2	9606.ENSP00000351273	9606.ENSP00000258149	0	0	0	0	0.093	0.057	0	0.731	0.750
CASP8	IL1B	9606.ENSP00000351273	9606.ENSP00000263341	0	0	0	0	0.081	0.320	0.500	0.839	0.943
CASP8	EGF	9606.ENSP00000351273	9606.ENSP00000265171	0	0	0	0	0	0	0	0.486	0.486
CASP8	RB1	9606.ENSP00000351273	9606.ENSP00000267163	0	0	0	0	0.056	0.292	0	0.324	0.508
CASP8	TP53	9606.ENSP00000351273	9606.ENSP00000269305	0	0	0	0	0.086	0.292	0.900	0.879	0.991
CASP8	ERBB2	9606.ENSP00000351273	9606.ENSP00000269571	0	0	0	0	0.054	0	0	0.532	0.538
CASP8	EGFR	9606.ENSP00000351273	9606.ENSP00000275493	0	0	0	0	0.054	0	0	0.734	0.737
CASP8	PPARG	9606.ENSP00000351273	9606.ENSP00000287820	0	0	0	0	0.074	0	0	0.425	0.445
CASP8	CXCL8	9606.ENSP00000351273	9606.ENSP00000306512	0	0	0	0	0.058	0	0	0.507	0.515
CASP8	MET	9606.ENSP00000351273	9606.ENSP00000317272	0	0	0	0	0	0.067	0	0.576	0.587
CASP8	ESR2	9606.ENSP00000351273	9606.ENSP00000343925	0	0	0	0	0.053	0	0	0.571	0.576
CASP8	RASSF1	9606.ENSP00000351273	9606.ENSP00000349547	0	0	0	0	0.056	0	0	0.435	0.443
CASP8	RAF1	9606.ENSP00000351273	9606.ENSP00000401888	0	0	0	0	0.049	0.166	0	0.331	0.423
CASP8	CHEK2	9606.ENSP00000351273	9606.ENSP00000372023	0	0	0	0	0.049	0	0	0.481	0.485
CASP8	NFE2L2	9606.ENSP00000351273	9606.ENSP00000380252	0	0	0	0	0.104	0	0	0.461	0.497
CASP8	HIF1A	9606.ENSP00000351273	9606.ENSP00000437955	0	0	0	0	0.096	0	0	0.529	0.556
CASP8	MTOR	9606.ENSP00000351273	9606.ENSP00000354558	0	0	0	0	0	0.180	0	0.545	0.611
CASP8	CDKN1A	9606.ENSP00000351273	9606.ENSP00000384849	0	0	0	0	0.068	0	0	0.610	0.621
CASP8	ESR1	9606.ENSP00000351273	9606.ENSP00000405330	0	0	0	0	0.046	0	0	0.689	0.690
CASP8	PTGS2	9606.ENSP00000351273	9606.ENSP00000356438	0	0	0	0	0.098	0	0	0.681	0.700
CASP8	MMP9	9606.ENSP00000351273	9606.ENSP00000361405	0	0	0	0	0.103	0	0	0.692	0.712
CASP8	IL6	9606.ENSP00000351273	9606.ENSP00000385675	0	0	0	0	0.087	0	0	0.726	0.739
CASP8	CTNNB1	9606.ENSP00000351273	9606.ENSP00000495360	0	0	0	0	0.094	0	0	0.755	0.768
CASP8	MYC	9606.ENSP00000351273	9606.ENSP00000478887	0	0	0	0	0.067	0.124	0	0.763	0.790
CASP8	PARP1	9606.ENSP00000351273	9606.ENSP00000355759	0	0	0	0	0.058	0.314	0	0.820	0.873
CASP8	TNF	9606.ENSP00000351273	9606.ENSP00000398698	0	0	0	0	0.101	0.994	0	0.928	0.999
CASP8	FASLG	9606.ENSP00000351273	9606.ENSP00000356694	0	0	0	0	0.097	0.836	0.500	0.992	0.999
CCND1	MAPK1	9606.ENSP00000227507	9606.ENSP00000215832	0	0	0	0	0.060	0.292	0	0.562	0.683
CCND1	TIMP1	9606.ENSP00000227507	9606.ENSP00000218388	0	0	0	0	0.095	0	0	0.433	0.465
CCND1	MMP2	9606.ENSP00000227507	9606.ENSP00000219070	0	0	0	0	0.123	0	0	0.713	0.738
CCND1	IL2	9606.ENSP00000227507	9606.ENSP00000226730	0	0	0	0	0	0	0	0.595	0.595
CCND1	CYP1A1	9606.ENSP00000227507	9606.ENSP00000378488	0	0	0	0	0	0	0	0.421	0.421
CCND1	FASLG	9606.ENSP00000227507	9606.ENSP00000356694	0	0	0	0	0	0	0	0.506	0.506
CCND1	CXCL8	9606.ENSP00000227507	9606.ENSP00000306512	0	0	0	0	0.055	0	0	0.514	0.521
CCND1	IGF2	9606.ENSP00000227507	9606.ENSP00000391826	0	0	0	0	0.084	0	0	0.525	0.546
CCND1	RAF1	9606.ENSP00000227507	9606.ENSP00000401888	0	0	0	0	0	0	0	0.581	0.581
CCND1	KDR	9606.ENSP00000227507	9606.ENSP00000263923	0	0	0	0	0.075	0	0	0.577	0.592
CCND1	CHEK2	9606.ENSP00000227507	9606.ENSP00000372023	0	0	0	0	0.100	0	0	0.575	0.601
CCND1	IL1B	9606.ENSP00000227507	9606.ENSP00000263341	0	0	0	0	0.081	0	0	0.587	0.605
CCND1	ERBB3	9606.ENSP00000227507	9606.ENSP00000267101	0	0	0	0	0.043	0.045	0	0.603	0.606
CCND1	PPARG	9606.ENSP00000227507	9606.ENSP00000287820	0	0	0	0	0.092	0	0	0.613	0.633
CCND1	MET	9606.ENSP00000227507	9606.ENSP00000317272	0	0	0	0	0.109	0	0	0.629	0.655
CCND1	TNF	9606.ENSP00000227507	9606.ENSP00000398698	0	0	0	0	0.101	0	0	0.633	0.656
CCND1	NFE2L2	9606.ENSP00000227507	9606.ENSP00000380252	0	0	0	0	0	0	0	0.658	0.658
CCND1	PTGS2	9606.ENSP00000227507	9606.ENSP00000356438	0	0	0	0	0.060	0	0	0.657	0.664
CCND1	ESR2	9606.ENSP00000227507	9606.ENSP00000343925	0	0	0	0	0.055	0	0	0.675	0.679
CCND1	PARP1	9606.ENSP00000227507	9606.ENSP00000355759	0	0	0	0	0.045	0	0	0.722	0.724
CCND1	EGF	9606.ENSP00000227507	9606.ENSP00000265171	0	0	0	0	0	0	0	0.731	0.731
CCND1	IL6	9606.ENSP00000227507	9606.ENSP00000385675	0	0	0	0	0.074	0	0	0.754	0.763
CCND1	MMP9	9606.ENSP00000227507	9606.ENSP00000361405	0	0	0	0	0.074	0	0	0.792	0.799
CCND1	MTOR	9606.ENSP00000227507	9606.ENSP00000354558	0	0	0	0	0	0	0	0.802	0.802
CCND1	PGR	9606.ENSP00000227507	9606.ENSP00000325120	0	0	0	0	0.055	0.516	0	0.666	0.834
CCND1	EGFR	9606.ENSP00000227507	9606.ENSP00000275493	0	0	0	0	0.141	0.106	0	0.809	0.841
CCND1	HIF1A	9606.ENSP00000227507	9606.ENSP00000437955	0	0	0	0	0.042	0	0.400	0.802	0.876
CCND1	ERBB2	9606.ENSP00000227507	9606.ENSP00000269571	0	0	0	0	0.084	0.301	0	0.862	0.904
CCND1	MDM2	9606.ENSP00000227507	9606.ENSP00000258149	0	0	0	0	0.055	0.292	0	0.898	0.926
CCND1	RASSF1	9606.ENSP00000227507	9606.ENSP00000349547	0	0	0	0	0	0	0.900	0.479	0.945
CCND1	TP53	9606.ENSP00000227507	9606.ENSP00000269305	0	0	0	0	0	0.292	0	0.928	0.946
CCND1	MYC	9606.ENSP00000227507	9606.ENSP00000478887	0	0	0	0	0.067	0	0.400	0.950	0.969
CCND1	CTNNB1	9606.ENSP00000227507	9606.ENSP00000495360	0	0	0	0	0.073	0.300	0.500	0.926	0.972
CCND1	ESR1	9606.ENSP00000227507	9606.ENSP00000405330	0	0	0	0	0.069	0.625	0.750	0.971	0.997
CCND1	RB1	9606.ENSP00000227507	9606.ENSP00000267163	0	0	0	0	0	0.932	0.900	0.831	0.998
CCND1	CDKN1A	9606.ENSP00000227507	9606.ENSP00000384849	0	0	0	0	0.118	0.996	0.900	0.995	0.999
CDKN1A	MAPK1	9606.ENSP00000384849	9606.ENSP00000215832	0	0	0	0	0	0	0	0.732	0.732
CDKN1A	TIMP1	9606.ENSP00000384849	9606.ENSP00000218388	0	0	0	0	0.165	0	0	0.340	0.426
CDKN1A	MMP2	9606.ENSP00000384849	9606.ENSP00000219070	0	0	0	0	0.086	0	0	0.450	0.476
CDKN1A	IRF1	9606.ENSP00000384849	9606.ENSP00000245414	0	0	0	0	0.112	0	0	0.355	0.403
CDKN1A	MDM2	9606.ENSP00000384849	9606.ENSP00000258149	0	0	0	0	0.072	0.848	0	0.873	0.980
CDKN1A	IL1B	9606.ENSP00000384849	9606.ENSP00000263341	0	0	0	0	0.152	0	0	0.475	0.536
CDKN1A	EGF	9606.ENSP00000384849	9606.ENSP00000265171	0	0	0	0	0	0	0	0.570	0.570
CDKN1A	ERBB3	9606.ENSP00000384849	9606.ENSP00000267101	0	0	0	0	0	0	0	0.442	0.442
CDKN1A	RB1	9606.ENSP00000384849	9606.ENSP00000267163	0	0	0	0	0	0.332	0.500	0.658	0.876
CDKN1A	TP53	9606.ENSP00000384849	9606.ENSP00000269305	0	0	0	0	0	0.925	0.900	0.960	0.999
CDKN1A	ERBB2	9606.ENSP00000384849	9606.ENSP00000269571	0	0	0	0	0	0	0	0.588	0.588
CDKN1A	EGFR	9606.ENSP00000384849	9606.ENSP00000275493	0	0	0	0	0.061	0	0	0.746	0.752
CDKN1A	PPARG	9606.ENSP00000384849	9606.ENSP00000287820	0	0	0	0	0.042	0	0	0.448	0.448
CDKN1A	CXCL8	9606.ENSP00000384849	9606.ENSP00000306512	0	0	0	0	0.101	0	0	0.446	0.480
CDKN1A	PGR	9606.ENSP00000384849	9606.ENSP00000325120	0	0	0	0	0	0.292	0	0.397	0.555
CDKN1A	RASSF1	9606.ENSP00000384849	9606.ENSP00000349547	0	0	0	0	0.042	0	0	0.400	0.400
CDKN1A	MTOR	9606.ENSP00000384849	9606.ENSP00000354558	0	0	0	0	0	0	0	0.521	0.521
CDKN1A	PARP1	9606.ENSP00000384849	9606.ENSP00000355759	0	0	0	0	0	0.625	0	0.633	0.856
CDKN1A	PTGS2	9606.ENSP00000384849	9606.ENSP00000356438	0	0	0	0	0.105	0	0	0.655	0.678
CDKN1A	FASLG	9606.ENSP00000384849	9606.ENSP00000356694	0	0	0	0	0	0	0	0.453	0.453
CDKN1A	MMP9	9606.ENSP00000384849	9606.ENSP00000361405	0	0	0	0	0.051	0	0	0.509	0.514
CDKN1A	CHEK2	9606.ENSP00000384849	9606.ENSP00000372023	0	0	0	0	0.105	0.292	0	0.654	0.761
CDKN1A	NFE2L2	9606.ENSP00000384849	9606.ENSP00000380252	0	0	0	0	0.103	0.295	0.400	0.419	0.750
CDKN1A	TNF	9606.ENSP00000384849	9606.ENSP00000398698	0	0	0	0	0.124	0	0	0.527	0.567
CDKN1A	HIF1A	9606.ENSP00000384849	9606.ENSP00000437955	0	0	0	0	0.118	0	0	0.575	0.609
CDKN1A	CTNNB1	9606.ENSP00000384849	9606.ENSP00000495360	0	0	0	0	0.043	0	0	0.624	0.625
CDKN1A	IL6	9606.ENSP00000384849	9606.ENSP00000385675	0	0	0	0	0.178	0	0	0.572	0.633
CDKN1A	ESR1	9606.ENSP00000384849	9606.ENSP00000405330	0	0	0	0	0	0.625	0	0.597	0.842
CDKN1A	MYC	9606.ENSP00000384849	9606.ENSP00000478887	0	0	0	0	0.105	0.320	0.500	0.945	0.981
CHEK2	MAPK1	9606.ENSP00000372023	9606.ENSP00000215832	0	0	0	0.675	0.056	0.612	0	0.154	0.663
CHEK2	IRF1	9606.ENSP00000372023	9606.ENSP00000245414	0	0	0	0	0	0.052	0	0.492	0.498
CHEK2	MDM2	9606.ENSP00000372023	9606.ENSP00000258149	0	0	0	0	0.049	0.625	0.750	0.837	0.983
CHEK2	RB1	9606.ENSP00000372023	9606.ENSP00000267163	0	0	0	0	0.240	0.292	0	0.370	0.631
CHEK2	TP53	9606.ENSP00000372023	9606.ENSP00000269305	0	0	0	0	0.072	0.833	0.750	0.992	0.999
CHEK2	ERBB2	9606.ENSP00000372023	9606.ENSP00000269571	0	0	0	0.557	0.049	0.225	0	0.281	0.423
CHEK2	PGR	9606.ENSP00000372023	9606.ENSP00000325120	0	0	0	0	0.092	0	0	0.472	0.501
CHEK2	MTOR	9606.ENSP00000372023	9606.ENSP00000354558	0	0	0	0	0.049	0.127	0	0.406	0.464
CHEK2	PARP1	9606.ENSP00000372023	9606.ENSP00000355759	0	0	0	0	0.116	0	0	0.755	0.775
CHEK2	HIF1A	9606.ENSP00000372023	9606.ENSP00000437955	0	0	0	0	0.060	0	0	0.391	0.403
CHEK2	CTNNB1	9606.ENSP00000372023	9606.ENSP00000495360	0	0	0	0	0	0	0	0.447	0.447
CHEK2	ESR1	9606.ENSP00000372023	9606.ENSP00000405330	0	0	0	0	0	0	0	0.538	0.538
CHEK2	MYC	9606.ENSP00000372023	9606.ENSP00000478887	0	0	0	0	0.061	0	0	0.608	0.616
CTNNB1	MAPK1	9606.ENSP00000495360	9606.ENSP00000215832	0	0	0	0	0.117	0	0	0.713	0.736
CTNNB1	TIMP1	9606.ENSP00000495360	9606.ENSP00000218388	0	0	0	0	0.042	0	0	0.481	0.482
CTNNB1	MMP2	9606.ENSP00000495360	9606.ENSP00000219070	0	0	0	0	0.056	0.049	0	0.798	0.803
CTNNB1	IL2	9606.ENSP00000495360	9606.ENSP00000226730	0	0	0	0	0	0	0	0.527	0.527
CTNNB1	MDM2	9606.ENSP00000495360	9606.ENSP00000258149	0	0	0	0	0.067	0	0	0.818	0.823
CTNNB1	IL1B	9606.ENSP00000495360	9606.ENSP00000263341	0	0	0	0	0	0	0	0.745	0.745
CTNNB1	KDR	9606.ENSP00000495360	9606.ENSP00000263923	0	0	0	0	0.095	0	0.800	0.981	0.996
CTNNB1	EGF	9606.ENSP00000495360	9606.ENSP00000265171	0	0	0	0	0	0.065	0	0.864	0.868
CTNNB1	ERBB3	9606.ENSP00000495360	9606.ENSP00000267101	0	0	0	0	0	0.362	0	0.560	0.707
CTNNB1	RB1	9606.ENSP00000495360	9606.ENSP00000267163	0	0	0	0	0.061	0.067	0	0.448	0.474
CTNNB1	TP53	9606.ENSP00000495360	9606.ENSP00000269305	0	0	0	0	0.049	0	0	0.927	0.927
CTNNB1	ERBB2	9606.ENSP00000495360	9606.ENSP00000269571	0	0	0	0	0	0.662	0.900	0.954	0.998
CTNNB1	EGFR	9606.ENSP00000495360	9606.ENSP00000275493	0	0	0	0	0.064	0.718	0.900	0.940	0.998
CTNNB1	PPARG	9606.ENSP00000495360	9606.ENSP00000287820	0	0	0	0	0.052	0.735	0	0.980	0.994
CTNNB1	CXCL8	9606.ENSP00000495360	9606.ENSP00000306512	0	0	0	0	0.055	0	0	0.731	0.734
CTNNB1	MET	9606.ENSP00000495360	9606.ENSP00000317272	0	0	0	0	0.042	0.364	0.900	0.792	0.985
CTNNB1	PGR	9606.ENSP00000495360	9606.ENSP00000325120	0	0	0	0	0.052	0	0	0.591	0.596
CTNNB1	ESR2	9606.ENSP00000495360	9606.ENSP00000343925	0	0	0	0	0.052	0.060	0	0.507	0.522
CTNNB1	RASSF1	9606.ENSP00000495360	9606.ENSP00000349547	0	0	0	0	0.044	0	0	0.660	0.661
CTNNB1	MTOR	9606.ENSP00000495360	9606.ENSP00000354558	0	0	0	0	0.049	0	0	0.692	0.694
CTNNB1	PARP1	9606.ENSP00000495360	9606.ENSP00000355759	0	0	0	0	0.049	0.360	0	0.621	0.749
CTNNB1	PTGS2	9606.ENSP00000495360	9606.ENSP00000356438	0	0	0	0	0.104	0.292	0	0.664	0.768
CTNNB1	FASLG	9606.ENSP00000495360	9606.ENSP00000356694	0	0	0	0	0	0.292	0	0.448	0.593
CTNNB1	MMP9	9606.ENSP00000495360	9606.ENSP00000361405	0	0	0	0	0.086	0.066	0	0.784	0.799
CTNNB1	CYP1A1	9606.ENSP00000495360	9606.ENSP00000378488	0	0	0	0	0.057	0.091	0	0.359	0.402
CTNNB1	NFE2L2	9606.ENSP00000495360	9606.ENSP00000380252	0	0	0	0	0.106	0	0	0.553	0.584
CTNNB1	IL6	9606.ENSP00000495360	9606.ENSP00000385675	0	0	0	0	0	0	0	0.813	0.813
CTNNB1	IGF2	9606.ENSP00000495360	9606.ENSP00000391826	0	0	0	0	0	0	0	0.599	0.599
CTNNB1	TNF	9606.ENSP00000495360	9606.ENSP00000398698	0	0	0	0	0	0	0	0.715	0.715
CTNNB1	RAF1	9606.ENSP00000495360	9606.ENSP00000401888	0	0	0	0	0.116	0.098	0	0.629	0.679
CTNNB1	ESR1	9606.ENSP00000495360	9606.ENSP00000405330	0	0	0	0	0.052	0.301	0	0.952	0.965
CTNNB1	HIF1A	9606.ENSP00000495360	9606.ENSP00000437955	0	0	0	0	0.260	0.785	0	0.989	0.998
CTNNB1	MYC	9606.ENSP00000495360	9606.ENSP00000478887	0	0	0	0	0.058	0.567	0.500	0.937	0.985
CXCL8	MAPK1	9606.ENSP00000306512	9606.ENSP00000215832	0	0	0	0	0.044	0	0	0.735	0.735
CXCL8	TIMP1	9606.ENSP00000306512	9606.ENSP00000218388	0	0	0	0	0.086	0	0	0.770	0.780
CXCL8	MMP2	9606.ENSP00000306512	9606.ENSP00000219070	0	0	0	0	0.042	0	0	0.814	0.814
CXCL8	IL2	9606.ENSP00000306512	9606.ENSP00000226730	0	0	0	0	0.048	0	0	0.985	0.985
CXCL8	IRF1	9606.ENSP00000306512	9606.ENSP00000245414	0	0	0	0	0.143	0	0	0.523	0.575
CXCL8	IL1B	9606.ENSP00000306512	9606.ENSP00000263341	0	0	0	0	0.776	0	0.400	0.962	0.994
CXCL8	KDR	9606.ENSP00000306512	9606.ENSP00000263923	0	0	0	0	0	0	0	0.728	0.728
CXCL8	EGF	9606.ENSP00000306512	9606.ENSP00000265171	0	0	0	0	0	0	0	0.717	0.717
CXCL8	TP53	9606.ENSP00000306512	9606.ENSP00000269305	0	0	0	0	0	0.161	0	0.777	0.804
CXCL8	ERBB2	9606.ENSP00000306512	9606.ENSP00000269571	0	0	0	0	0	0.292	0	0.543	0.662
CXCL8	EGFR	9606.ENSP00000306512	9606.ENSP00000275493	0	0	0	0	0	0	0	0.792	0.792
CXCL8	PPARG	9606.ENSP00000306512	9606.ENSP00000287820	0	0	0	0	0	0	0	0.583	0.583
CXCL8	MTOR	9606.ENSP00000306512	9606.ENSP00000354558	0	0	0	0	0	0	0	0.507	0.507
CXCL8	ESR1	9606.ENSP00000306512	9606.ENSP00000405330	0	0	0	0	0	0	0	0.507	0.507
CXCL8	FASLG	9606.ENSP00000306512	9606.ENSP00000356694	0	0	0	0	0	0	0	0.583	0.583
CXCL8	MYC	9606.ENSP00000306512	9606.ENSP00000478887	0	0	0	0	0.135	0	0	0.574	0.615
CXCL8	CYP1A1	9606.ENSP00000306512	9606.ENSP00000378488	0	0	0	0	0.054	0	0	0.619	0.624
CXCL8	MET	9606.ENSP00000306512	9606.ENSP00000317272	0	0	0	0	0.056	0	0	0.636	0.641
CXCL8	NFE2L2	9606.ENSP00000306512	9606.ENSP00000380252	0	0	0	0	0.072	0	0	0.654	0.665
CXCL8	HIF1A	9606.ENSP00000306512	9606.ENSP00000437955	0	0	0	0	0.184	0	0	0.667	0.716
CXCL8	MMP9	9606.ENSP00000306512	9606.ENSP00000361405	0	0	0	0	0.140	0	0	0.867	0.880
CXCL8	PTGS2	9606.ENSP00000306512	9606.ENSP00000356438	0	0	0	0	0.767	0	0	0.901	0.975
CXCL8	TNF	9606.ENSP00000306512	9606.ENSP00000398698	0	0	0	0	0.294	0	0.400	0.965	0.983
CXCL8	IL6	9606.ENSP00000306512	9606.ENSP00000385675	0	0	0	0	0.445	0	0.400	0.976	0.991
CYP1A1	IL1B	9606.ENSP00000378488	9606.ENSP00000263341	0	0	0	0	0	0	0	0.480	0.480
CYP1A1	TP53	9606.ENSP00000378488	9606.ENSP00000269305	0	0	0	0	0	0.046	0	0.695	0.697
CYP1A1	EGFR	9606.ENSP00000378488	9606.ENSP00000275493	0	0	0	0	0.056	0	0	0.586	0.592
CYP1A1	PPARG	9606.ENSP00000378488	9606.ENSP00000287820	0	0	0	0	0.042	0.056	0	0.545	0.552
CYP1A1	GSTM1	9606.ENSP00000378488	9606.ENSP00000311469	0	0	0	0	0.067	0.045	0.900	0.918	0.991
CYP1A1	ESR2	9606.ENSP00000378488	9606.ENSP00000343925	0	0	0	0	0.081	0.056	0	0.542	0.568
CYP1A1	PTGS2	9606.ENSP00000378488	9606.ENSP00000356438	0	0	0	0	0.056	0	0	0.485	0.494
CYP1A1	TNF	9606.ENSP00000378488	9606.ENSP00000398698	0	0	0	0	0.067	0	0	0.450	0.465
CYP1A1	NFE2L2	9606.ENSP00000378488	9606.ENSP00000380252	0	0	0	0	0.063	0	0	0.513	0.524
CYP1A1	IL6	9606.ENSP00000378488	9606.ENSP00000385675	0	0	0	0	0	0	0	0.528	0.528
CYP1A1	ESR1	9606.ENSP00000378488	9606.ENSP00000405330	0	0	0	0	0.062	0.056	0	0.776	0.785
CYP1A1	GSTP1	9606.ENSP00000378488	9606.ENSP00000381607	0	0	0	0	0.109	0.045	0.900	0.735	0.974
EGF	MAPK1	9606.ENSP00000265171	9606.ENSP00000215832	0	0	0	0	0	0	0	0.789	0.789
EGF	TIMP1	9606.ENSP00000265171	9606.ENSP00000218388	0	0	0	0	0	0	0	0.728	0.728
EGF	MMP2	9606.ENSP00000265171	9606.ENSP00000219070	0	0	0	0	0	0	0	0.657	0.657
EGF	IL2	9606.ENSP00000265171	9606.ENSP00000226730	0	0	0	0	0	0	0	0.814	0.814
EGF	MDM2	9606.ENSP00000265171	9606.ENSP00000258149	0	0	0	0	0.057	0	0	0.514	0.522
EGF	IL1B	9606.ENSP00000265171	9606.ENSP00000263341	0	0	0	0	0	0	0	0.762	0.762
EGF	KDR	9606.ENSP00000265171	9606.ENSP00000263923	0	0	0	0	0	0	0.650	0.802	0.928
EGF	FASLG	9606.ENSP00000265171	9606.ENSP00000356694	0	0	0	0	0	0	0	0.479	0.479
EGF	PARP1	9606.ENSP00000265171	9606.ENSP00000355759	0	0	0	0	0	0	0	0.571	0.571
EGF	ESR2	9606.ENSP00000265171	9606.ENSP00000343925	0	0	0	0	0	0	0	0.578	0.578
EGF	RAF1	9606.ENSP00000265171	9606.ENSP00000401888	0	0	0	0	0	0	0	0.603	0.603
EGF	PTGS2	9606.ENSP00000265171	9606.ENSP00000356438	0	0	0	0	0	0.051	0	0.617	0.621
EGF	PPARG	9606.ENSP00000265171	9606.ENSP00000287820	0	0	0	0	0	0	0	0.633	0.633
EGF	IGF2	9606.ENSP00000265171	9606.ENSP00000391826	0	0	0	0	0	0	0	0.644	0.644
EGF	MTOR	9606.ENSP00000265171	9606.ENSP00000354558	0	0	0	0	0	0	0	0.647	0.647
EGF	PGR	9606.ENSP00000265171	9606.ENSP00000325120	0	0	0	0	0	0	0	0.736	0.736
EGF	MMP9	9606.ENSP00000265171	9606.ENSP00000361405	0	0	0	0	0	0	0	0.741	0.741
EGF	TP53	9606.ENSP00000265171	9606.ENSP00000269305	0	0	0	0	0	0	0	0.780	0.780
EGF	HIF1A	9606.ENSP00000265171	9606.ENSP00000437955	0	0	0	0	0	0	0	0.785	0.785
EGF	TNF	9606.ENSP00000265171	9606.ENSP00000398698	0	0	0	0	0	0.075	0	0.785	0.793
EGF	ESR1	9606.ENSP00000265171	9606.ENSP00000405330	0	0	0	0	0	0	0	0.802	0.802
EGF	MYC	9606.ENSP00000265171	9606.ENSP00000478887	0	0	0	0	0	0	0	0.836	0.836
EGF	IL6	9606.ENSP00000265171	9606.ENSP00000385675	0	0	0	0	0	0	0	0.890	0.890
EGF	MET	9606.ENSP00000265171	9606.ENSP00000317272	0	0	0	0	0	0	0.650	0.851	0.945
EGF	ERBB2	9606.ENSP00000265171	9606.ENSP00000269571	0	0	0	0	0.128	0.314	0.900	0.998	0.999
EGF	EGFR	9606.ENSP00000265171	9606.ENSP00000275493	0	0	0	0	0.128	0.999	0.900	0.999	0.999
EGF	ERBB3	9606.ENSP00000265171	9606.ENSP00000267101	0	0	0	0	0.128	0.314	0.900	0.998	0.999
EGFR	MAPK1	9606.ENSP00000275493	9606.ENSP00000215832	0	0	0	0.579	0.047	0.042	0	0.609	0.612
EGFR	TIMP1	9606.ENSP00000275493	9606.ENSP00000218388	0	0	0	0	0	0	0	0.521	0.521
EGFR	MMP2	9606.ENSP00000275493	9606.ENSP00000219070	0	0	0	0	0.099	0	0	0.674	0.693
EGFR	IL2	9606.ENSP00000275493	9606.ENSP00000226730	0	0	0	0	0	0	0.650	0.593	0.851
EGFR	MDM2	9606.ENSP00000275493	9606.ENSP00000258149	0	0	0	0	0	0	0.650	0.718	0.897
EGFR	IL1B	9606.ENSP00000275493	9606.ENSP00000263341	0	0	0	0	0	0	0	0.873	0.873
EGFR	KDR	9606.ENSP00000275493	9606.ENSP00000263923	0	0	0	0.564	0.075	0.139	0	0.774	0.805
EGFR	ERBB3	9606.ENSP00000275493	9606.ENSP00000267101	0	0	0.061	0.910	0.042	0.986	0.800	0.984	0.999
EGFR	RB1	9606.ENSP00000275493	9606.ENSP00000267163	0	0	0	0	0.042	0	0	0.519	0.520
EGFR	TP53	9606.ENSP00000275493	9606.ENSP00000269305	0	0	0	0	0	0.329	0	0.919	0.943
EGFR	ERBB2	9606.ENSP00000275493	9606.ENSP00000269571	0	0	0.064	0.939	0.080	0.998	0.900	0.983	0.999
EGFR	RASSF1	9606.ENSP00000275493	9606.ENSP00000349547	0	0	0	0	0.051	0	0	0.486	0.491
EGFR	FASLG	9606.ENSP00000275493	9606.ENSP00000356694	0	0	0	0	0	0.051	0	0.677	0.680
EGFR	NFE2L2	9606.ENSP00000275493	9606.ENSP00000380252	0	0	0	0	0.055	0	0	0.687	0.691
EGFR	GSTP1	9606.ENSP00000275493	9606.ENSP00000381607	0	0	0	0	0.055	0.510	0	0.431	0.713
EGFR	PARP1	9606.ENSP00000275493	9606.ENSP00000355759	0	0	0	0	0.044	0.100	0	0.734	0.751
EGFR	ESR2	9606.ENSP00000275493	9606.ENSP00000343925	0	0	0	0	0	0.329	0	0.650	0.755
EGFR	MTOR	9606.ENSP00000275493	9606.ENSP00000354558	0	0	0	0	0.042	0.181	0	0.769	0.802
EGFR	MMP9	9606.ENSP00000275493	9606.ENSP00000361405	0	0	0	0	0.055	0	0	0.825	0.827
EGFR	PGR	9606.ENSP00000275493	9606.ENSP00000325120	0	0	0	0	0	0.092	0	0.820	0.830
EGFR	PTGS2	9606.ENSP00000275493	9606.ENSP00000356438	0	0	0	0	0.068	0	0	0.831	0.836
EGFR	PPARG	9606.ENSP00000275493	9606.ENSP00000287820	0	0	0	0	0.112	0.329	0	0.758	0.843
EGFR	RAF1	9606.ENSP00000275493	9606.ENSP00000401888	0	0	0	0.575	0.042	0.645	0	0.590	0.848
EGFR	IGF2	9606.ENSP00000275493	9606.ENSP00000391826	0	0	0	0	0.083	0	0.650	0.582	0.854
EGFR	MYC	9606.ENSP00000275493	9606.ENSP00000478887	0	0	0	0	0.044	0.103	0	0.866	0.875
EGFR	TNF	9606.ENSP00000275493	9606.ENSP00000398698	0	0	0	0	0	0	0	0.890	0.890
EGFR	HIF1A	9606.ENSP00000275493	9606.ENSP00000437955	0	0	0	0	0.055	0	0.500	0.873	0.934
EGFR	IL6	9606.ENSP00000275493	9606.ENSP00000385675	0	0	0	0	0.042	0	0.650	0.943	0.979
EGFR	ESR1	9606.ENSP00000275493	9606.ENSP00000405330	0	0	0	0	0	0.583	0	0.974	0.988
EGFR	MET	9606.ENSP00000275493	9606.ENSP00000317272	0	0	0	0.582	0.250	0.806	0	0.978	0.996
ERBB2	TIMP1	9606.ENSP00000269571	9606.ENSP00000218388	0	0	0	0	0	0.165	0	0.390	0.469
ERBB2	MMP2	9606.ENSP00000269571	9606.ENSP00000219070	0	0	0	0	0	0	0	0.738	0.738
ERBB2	IL2	9606.ENSP00000269571	9606.ENSP00000226730	0	0	0	0	0	0	0	0.609	0.609
ERBB2	IRF1	9606.ENSP00000269571	9606.ENSP00000245414	0	0	0	0	0	0	0	0.460	0.460
ERBB2	MDM2	9606.ENSP00000269571	9606.ENSP00000258149	0	0	0	0	0.049	0	0	0.663	0.665
ERBB2	IL1B	9606.ENSP00000269571	9606.ENSP00000263341	0	0	0	0	0	0	0	0.507	0.507
ERBB2	KDR	9606.ENSP00000269571	9606.ENSP00000263923	0	0	0	0.561	0.055	0.139	0	0.593	0.640
ERBB2	ERBB3	9606.ENSP00000269571	9606.ENSP00000267101	0	0	0.081	0.893	0.086	0.997	0.900	0.984	0.999
ERBB2	RB1	9606.ENSP00000269571	9606.ENSP00000267163	0	0	0	0	0	0	0	0.461	0.461
ERBB2	TP53	9606.ENSP00000269571	9606.ENSP00000269305	0	0	0	0	0.060	0.172	0	0.924	0.935
ERBB2	GSTP1	9606.ENSP00000269571	9606.ENSP00000381607	0	0	0	0	0	0	0	0.400	0.400
ERBB2	NFE2L2	9606.ENSP00000269571	9606.ENSP00000380252	0	0	0	0	0	0	0	0.418	0.418
ERBB2	RAF1	9606.ENSP00000269571	9606.ENSP00000401888	0	0	0	0.578	0	0.224	0	0.327	0.455
ERBB2	PPARG	9606.ENSP00000269571	9606.ENSP00000287820	0	0	0	0	0.086	0.092	0	0.440	0.495
ERBB2	RASSF1	9606.ENSP00000269571	9606.ENSP00000349547	0	0	0	0	0.051	0.184	0	0.455	0.541
ERBB2	TNF	9606.ENSP00000269571	9606.ENSP00000398698	0	0	0	0	0	0	0	0.621	0.621
ERBB2	MMP9	9606.ENSP00000269571	9606.ENSP00000361405	0	0	0	0	0.055	0	0	0.650	0.655
ERBB2	FASLG	9606.ENSP00000269571	9606.ENSP00000356694	0	0	0	0	0.042	0.051	0	0.656	0.659
ERBB2	HIF1A	9606.ENSP00000269571	9606.ENSP00000437955	0	0	0	0	0.055	0	0	0.685	0.690
ERBB2	ESR2	9606.ENSP00000269571	9606.ENSP00000343925	0	0	0	0	0	0.092	0	0.701	0.717
ERBB2	MTOR	9606.ENSP00000269571	9606.ENSP00000354558	0	0	0	0	0	0	0	0.725	0.725
ERBB2	PARP1	9606.ENSP00000269571	9606.ENSP00000355759	0	0	0	0	0	0	0	0.741	0.741
ERBB2	IL6	9606.ENSP00000269571	9606.ENSP00000385675	0	0	0	0	0	0	0	0.752	0.752
ERBB2	IGF2	9606.ENSP00000269571	9606.ENSP00000391826	0	0	0	0	0	0	0.650	0.505	0.819
ERBB2	PTGS2	9606.ENSP00000269571	9606.ENSP00000356438	0	0	0	0	0.068	0.292	0	0.760	0.828
ERBB2	MET	9606.ENSP00000269571	9606.ENSP00000317272	0	0	0	0.581	0.072	0.617	0	0.604	0.847
ERBB2	MYC	9606.ENSP00000269571	9606.ENSP00000478887	0	0	0	0	0	0.166	0	0.870	0.886
ERBB2	ESR1	9606.ENSP00000269571	9606.ENSP00000405330	0	0	0	0	0	0.329	0	0.966	0.976
ERBB2	PGR	9606.ENSP00000269571	9606.ENSP00000325120	0	0	0	0	0	0.329	0	0.972	0.980
ERBB3	MDM2	9606.ENSP00000267101	9606.ENSP00000258149	0	0	0	0	0	0.292	0	0.447	0.591
ERBB3	KDR	9606.ENSP00000267101	9606.ENSP00000263923	0	0	0	0.557	0.055	0.139	0	0.528	0.582
ERBB3	HIF1A	9606.ENSP00000267101	9606.ENSP00000437955	0	0	0	0	0.055	0	0	0.425	0.433
ERBB3	PARP1	9606.ENSP00000267101	9606.ENSP00000355759	0	0	0	0	0	0	0	0.505	0.505
ERBB3	MTOR	9606.ENSP00000267101	9606.ENSP00000354558	0	0	0	0	0.044	0	0	0.522	0.523
ERBB3	ESR2	9606.ENSP00000267101	9606.ENSP00000343925	0	0	0	0	0	0.092	0	0.506	0.532
ERBB3	RAF1	9606.ENSP00000267101	9606.ENSP00000401888	0	0	0	0.575	0	0.102	0	0.506	0.538
ERBB3	PGR	9606.ENSP00000267101	9606.ENSP00000325120	0	0	0	0	0.068	0.092	0	0.574	0.608
ERBB3	ESR1	9606.ENSP00000267101	9606.ENSP00000405330	0	0	0	0	0.056	0.092	0	0.626	0.652
ERBB3	TP53	9606.ENSP00000267101	9606.ENSP00000269305	0	0	0	0	0	0.165	0	0.650	0.695
ERBB3	MYC	9606.ENSP00000267101	9606.ENSP00000478887	0	0	0	0	0	0	0	0.731	0.731
ERBB3	IGF2	9606.ENSP00000267101	9606.ENSP00000391826	0	0	0	0	0	0	0.650	0.371	0.770
ERBB3	MET	9606.ENSP00000267101	9606.ENSP00000317272	0	0	0	0.566	0.109	0.536	0.900	0.735	0.987
ESR1	MAPK1	9606.ENSP00000405330	9606.ENSP00000215832	0	0	0	0	0	0.625	0.900	0.681	0.987
ESR1	MMP2	9606.ENSP00000405330	9606.ENSP00000219070	0	0	0	0	0.042	0	0	0.579	0.580
ESR1	IL2	9606.ENSP00000405330	9606.ENSP00000226730	0	0	0	0	0.045	0	0	0.431	0.433
ESR1	MDM2	9606.ENSP00000405330	9606.ENSP00000258149	0	0	0	0	0.042	0.785	0	0.762	0.946
ESR1	IL1B	9606.ENSP00000405330	9606.ENSP00000263341	0	0	0	0	0.051	0	0	0.819	0.820
ESR1	KDR	9606.ENSP00000405330	9606.ENSP00000263923	0	0	0	0	0	0.045	0	0.687	0.688
ESR1	RB1	9606.ENSP00000405330	9606.ENSP00000267163	0	0	0	0	0.042	0.053	0	0.577	0.583
ESR1	TP53	9606.ENSP00000405330	9606.ENSP00000269305	0	0	0	0	0	0.735	0	0.974	0.992
ESR1	PPARG	9606.ENSP00000405330	9606.ENSP00000287820	0	0	0	0.604	0.059	0	0	0.790	0.794
ESR1	GSTM1	9606.ENSP00000405330	9606.ENSP00000311469	0	0	0	0	0	0.045	0	0.398	0.400
ESR1	MET	9606.ENSP00000405330	9606.ENSP00000317272	0	0	0	0	0.111	0.071	0	0.643	0.680
ESR1	PGR	9606.ENSP00000405330	9606.ENSP00000325120	0	0	0	0.673	0.240	0.771	0.700	0.560	0.974
ESR1	ESR2	9606.ENSP00000405330	9606.ENSP00000343925	0	0	0.062	0.923	0.042	0.830	0.900	0.934	0.998
ESR1	RASSF1	9606.ENSP00000405330	9606.ENSP00000349547	0	0	0	0	0	0	0	0.570	0.570
ESR1	MTOR	9606.ENSP00000405330	9606.ENSP00000354558	0	0	0	0	0	0.292	0	0.655	0.745
ESR1	PARP1	9606.ENSP00000405330	9606.ENSP00000355759	0	0	0	0	0	0.312	0	0.647	0.746
ESR1	PTGS2	9606.ENSP00000405330	9606.ENSP00000356438	0	0	0	0	0.047	0	0	0.672	0.674
ESR1	FASLG	9606.ENSP00000405330	9606.ENSP00000356694	0	0	0	0	0	0.045	0	0.430	0.432
ESR1	MMP9	9606.ENSP00000405330	9606.ENSP00000361405	0	0	0	0	0.074	0	0	0.763	0.772
ESR1	NFE2L2	9606.ENSP00000405330	9606.ENSP00000380252	0	0	0	0	0	0	0	0.449	0.449
ESR1	GSTP1	9606.ENSP00000405330	9606.ENSP00000381607	0	0	0	0	0	0.045	0	0.534	0.536
ESR1	IL6	9606.ENSP00000405330	9606.ENSP00000385675	0	0	0	0	0.054	0	0	0.789	0.792
ESR1	IGF2	9606.ENSP00000405330	9606.ENSP00000391826	0	0	0	0	0	0	0	0.734	0.734
ESR1	TNF	9606.ENSP00000405330	9606.ENSP00000398698	0	0	0	0	0.055	0	0	0.647	0.652
ESR1	RAF1	9606.ENSP00000405330	9606.ENSP00000401888	0	0	0	0	0	0.071	0	0.630	0.642
ESR1	HIF1A	9606.ENSP00000405330	9606.ENSP00000437955	0	0	0	0	0.067	0.636	0	0.861	0.948
ESR1	MYC	9606.ENSP00000405330	9606.ENSP00000478887	0	0	0	0	0.053	0.620	0.500	0.913	0.982
ESR2	MAPK1	9606.ENSP00000343925	9606.ENSP00000215832	0	0	0	0	0	0.292	0.900	0.332	0.948
ESR2	MMP2	9606.ENSP00000343925	9606.ENSP00000219070	0	0	0	0	0	0	0	0.400	0.400
ESR2	MDM2	9606.ENSP00000343925	9606.ENSP00000258149	0	0	0	0	0.042	0.292	0	0.330	0.506
ESR2	IL1B	9606.ENSP00000343925	9606.ENSP00000263341	0	0	0	0	0.051	0	0	0.506	0.511
ESR2	KDR	9606.ENSP00000343925	9606.ENSP00000263923	0	0	0	0	0	0.045	0	0.571	0.573
ESR2	RB1	9606.ENSP00000343925	9606.ENSP00000267163	0	0	0	0	0	0.053	0	0.480	0.486
ESR2	TP53	9606.ENSP00000343925	9606.ENSP00000269305	0	0	0	0	0	0	0	0.783	0.783
ESR2	PPARG	9606.ENSP00000343925	9606.ENSP00000287820	0	0	0	0.583	0.059	0	0	0.533	0.542
ESR2	PGR	9606.ENSP00000343925	9606.ENSP00000325120	0	0	0	0.683	0.042	0.051	0	0.464	0.471
ESR2	IGF2	9606.ENSP00000343925	9606.ENSP00000391826	0	0	0	0	0	0	0	0.401	0.401
ESR2	MMP9	9606.ENSP00000343925	9606.ENSP00000361405	0	0	0	0	0.074	0	0	0.495	0.512
ESR2	MYC	9606.ENSP00000343925	9606.ENSP00000478887	0	0	0	0	0.053	0.045	0	0.510	0.518
ESR2	TNF	9606.ENSP00000343925	9606.ENSP00000398698	0	0	0	0	0.055	0	0	0.519	0.526
ESR2	PTGS2	9606.ENSP00000343925	9606.ENSP00000356438	0	0	0	0	0.047	0	0	0.527	0.530
ESR2	IL6	9606.ENSP00000343925	9606.ENSP00000385675	0	0	0	0	0.054	0	0	0.548	0.554
ESR2	HIF1A	9606.ENSP00000343925	9606.ENSP00000437955	0	0	0	0	0.067	0.071	0	0.656	0.676
FASLG	TIMP1	9606.ENSP00000356694	9606.ENSP00000218388	0	0	0	0	0.053	0	0	0.403	0.410
FASLG	MMP2	9606.ENSP00000356694	9606.ENSP00000219070	0	0	0	0	0	0	0	0.459	0.459
FASLG	IL2	9606.ENSP00000356694	9606.ENSP00000226730	0	0	0	0	0.130	0	0	0.806	0.824
FASLG	IRF1	9606.ENSP00000356694	9606.ENSP00000245414	0	0	0	0	0.068	0.068	0	0.373	0.408
FASLG	MDM2	9606.ENSP00000356694	9606.ENSP00000258149	0	0	0	0	0	0.052	0	0.407	0.413
FASLG	IL1B	9606.ENSP00000356694	9606.ENSP00000263341	0	0	0	0	0.049	0	0	0.799	0.800
FASLG	KDR	9606.ENSP00000356694	9606.ENSP00000263923	0	0	0	0	0.077	0	0	0.378	0.402
FASLG	TP53	9606.ENSP00000356694	9606.ENSP00000269305	0	0	0	0	0.087	0	0	0.703	0.718
FASLG	MTOR	9606.ENSP00000356694	9606.ENSP00000354558	0	0	0	0	0	0	0	0.419	0.419
FASLG	PARP1	9606.ENSP00000356694	9606.ENSP00000355759	0	0	0	0	0	0	0	0.580	0.580
FASLG	PTGS2	9606.ENSP00000356694	9606.ENSP00000356438	0	0	0	0	0.042	0	0	0.447	0.447
FASLG	HIF1A	9606.ENSP00000356694	9606.ENSP00000437955	0	0	0	0	0.047	0	0	0.489	0.492
FASLG	MYC	9606.ENSP00000356694	9606.ENSP00000478887	0	0	0	0	0	0	0	0.507	0.507
FASLG	MMP9	9606.ENSP00000356694	9606.ENSP00000361405	0	0	0	0	0.059	0	0	0.554	0.562
FASLG	IL6	9606.ENSP00000356694	9606.ENSP00000385675	0	0	0	0	0.044	0	0	0.697	0.697
FASLG	TNF	9606.ENSP00000356694	9606.ENSP00000398698	0	0	0	0.663	0.085	0.053	0	0.983	0.984
GSTM1	TP53	9606.ENSP00000311469	9606.ENSP00000269305	0	0	0	0	0.043	0	0	0.507	0.508
GSTM1	TNF	9606.ENSP00000311469	9606.ENSP00000398698	0	0	0	0	0.057	0	0	0.400	0.410
GSTM1	NFE2L2	9606.ENSP00000311469	9606.ENSP00000380252	0	0	0	0	0.070	0	0	0.510	0.524
GSTM1	GSTP1	9606.ENSP00000311469	9606.ENSP00000381607	0	0	0	0.774	0.069	0.112	0.700	0.317	0.808
GSTP1	MAPK1	9606.ENSP00000381607	9606.ENSP00000215832	0	0	0	0	0.049	0.292	0	0.196	0.411
GSTP1	KDR	9606.ENSP00000381607	9606.ENSP00000263923	0	0	0	0	0	0	0	0.502	0.502
GSTP1	TP53	9606.ENSP00000381607	9606.ENSP00000269305	0	0	0	0	0	0	0	0.581	0.581
GSTP1	RASSF1	9606.ENSP00000381607	9606.ENSP00000349547	0	0	0	0	0	0	0	0.811	0.811
GSTP1	PTGS2	9606.ENSP00000381607	9606.ENSP00000356438	0	0	0	0	0.042	0	0	0.508	0.508
GSTP1	NFE2L2	9606.ENSP00000381607	9606.ENSP00000380252	0	0	0	0	0.055	0	0	0.716	0.720
GSTP1	TNF	9606.ENSP00000381607	9606.ENSP00000398698	0	0	0	0	0.057	0	0	0.394	0.404
GSTP1	MYC	9606.ENSP00000381607	9606.ENSP00000478887	0	0	0	0	0.054	0.124	0	0.414	0.472
GSTP1	HIF1A	9606.ENSP00000381607	9606.ENSP00000437955	0	0	0	0	0.088	0	0	0.544	0.566
HIF1A	MAPK1	9606.ENSP00000437955	9606.ENSP00000215832	0	0	0	0	0.049	0.626	0.900	0.648	0.985
HIF1A	TIMP1	9606.ENSP00000437955	9606.ENSP00000218388	0	0	0	0	0.080	0	0	0.553	0.571
HIF1A	MMP2	9606.ENSP00000437955	9606.ENSP00000219070	0	0	0	0	0.104	0	0	0.712	0.731
HIF1A	IL2	9606.ENSP00000437955	9606.ENSP00000226730	0	0	0	0	0	0	0	0.583	0.583
HIF1A	IRF1	9606.ENSP00000437955	9606.ENSP00000245414	0	0	0	0	0.062	0.068	0	0.676	0.692
HIF1A	MDM2	9606.ENSP00000437955	9606.ENSP00000258149	0	0	0	0	0.060	0.839	0	0.929	0.988
HIF1A	IL1B	9606.ENSP00000437955	9606.ENSP00000263341	0	0	0	0	0.120	0	0	0.751	0.771
HIF1A	KDR	9606.ENSP00000437955	9606.ENSP00000263923	0	0	0	0	0.069	0	0	0.778	0.785
HIF1A	RB1	9606.ENSP00000437955	9606.ENSP00000267163	0	0	0	0	0.092	0.300	0	0.348	0.549
HIF1A	TP53	9606.ENSP00000437955	9606.ENSP00000269305	0	0	0	0	0	0.847	0	0.994	0.999
HIF1A	PPARG	9606.ENSP00000437955	9606.ENSP00000287820	0	0	0	0	0.067	0.071	0	0.845	0.854
HIF1A	MET	9606.ENSP00000437955	9606.ENSP00000317272	0	0	0	0	0.066	0.071	0	0.618	0.639
HIF1A	PGR	9606.ENSP00000437955	9606.ENSP00000325120	0	0	0	0	0.067	0.071	0	0.699	0.717
HIF1A	MTOR	9606.ENSP00000437955	9606.ENSP00000354558	0	0	0	0	0	0.069	0	0.782	0.789
HIF1A	PARP1	9606.ENSP00000437955	9606.ENSP00000355759	0	0	0	0	0.057	0.292	0	0.596	0.707
HIF1A	PTGS2	9606.ENSP00000437955	9606.ENSP00000356438	0	0	0	0	0.201	0	0	0.797	0.831
HIF1A	MMP9	9606.ENSP00000437955	9606.ENSP00000361405	0	0	0	0	0.088	0	0	0.815	0.824
HIF1A	NFE2L2	9606.ENSP00000437955	9606.ENSP00000380252	0	0	0.202	0	0.118	0	0	0.674	0.750
HIF1A	IL6	9606.ENSP00000437955	9606.ENSP00000385675	0	0	0	0	0.139	0	0	0.777	0.800
HIF1A	IGF2	9606.ENSP00000437955	9606.ENSP00000391826	0	0	0	0	0	0	0	0.680	0.680
HIF1A	TNF	9606.ENSP00000437955	9606.ENSP00000398698	0	0	0	0	0.044	0	0	0.818	0.818
HIF1A	RAF1	9606.ENSP00000437955	9606.ENSP00000401888	0	0	0	0	0.060	0.071	0	0.398	0.428
HIF1A	MYC	9606.ENSP00000437955	9606.ENSP00000478887	0	0	0	0	0.091	0.435	0.400	0.982	0.993
IGF2	MAPK1	9606.ENSP00000391826	9606.ENSP00000215832	0	0	0	0	0	0	0	0.468	0.468
IGF2	MMP2	9606.ENSP00000391826	9606.ENSP00000219070	0	0	0	0	0.163	0	0.400	0.596	0.779
IGF2	IL1B	9606.ENSP00000391826	9606.ENSP00000263341	0	0	0	0	0	0	0	0.445	0.445
IGF2	KDR	9606.ENSP00000391826	9606.ENSP00000263923	0	0	0	0	0.066	0	0.650	0.614	0.862
IGF2	TP53	9606.ENSP00000391826	9606.ENSP00000269305	0	0	0	0	0.042	0	0	0.745	0.745
IGF2	PPARG	9606.ENSP00000391826	9606.ENSP00000287820	0	0	0	0	0.044	0	0	0.537	0.538
IGF2	MET	9606.ENSP00000391826	9606.ENSP00000317272	0	0	0	0	0.045	0	0.650	0.417	0.788
IGF2	PGR	9606.ENSP00000391826	9606.ENSP00000325120	0	0	0	0	0.063	0	0	0.576	0.586
IGF2	RASSF1	9606.ENSP00000391826	9606.ENSP00000349547	0	0	0	0	0	0	0	0.400	0.400
IGF2	MTOR	9606.ENSP00000391826	9606.ENSP00000354558	0	0	0	0	0	0	0	0.705	0.705
IGF2	MMP9	9606.ENSP00000391826	9606.ENSP00000361405	0	0	0	0	0.063	0	0	0.603	0.612
IGF2	IL6	9606.ENSP00000391826	9606.ENSP00000385675	0	0	0	0	0	0	0	0.507	0.507
IGF2	MYC	9606.ENSP00000391826	9606.ENSP00000478887	0	0	0	0	0.056	0	0	0.620	0.626
IGF2	TNF	9606.ENSP00000391826	9606.ENSP00000398698	0	0	0	0	0	0	0	0.659	0.659
IL1B	MAPK1	9606.ENSP00000263341	9606.ENSP00000215832	0	0	0	0	0.052	0	0	0.649	0.653
IL1B	TIMP1	9606.ENSP00000263341	9606.ENSP00000218388	0	0	0	0	0.164	0	0	0.761	0.791
IL1B	MMP2	9606.ENSP00000263341	9606.ENSP00000219070	0	0	0	0	0.079	0.087	0	0.721	0.745
IL1B	IL2	9606.ENSP00000263341	9606.ENSP00000226730	0	0	0	0	0.073	0	0	0.999	0.999
IL1B	IRF1	9606.ENSP00000263341	9606.ENSP00000245414	0	0	0	0	0.214	0	0	0.647	0.711
IL1B	PGR	9606.ENSP00000263341	9606.ENSP00000325120	0	0	0	0	0.051	0	0	0.400	0.406
IL1B	MET	9606.ENSP00000263341	9606.ENSP00000317272	0	0	0	0	0.069	0	0	0.412	0.429
IL1B	KDR	9606.ENSP00000263341	9606.ENSP00000263923	0	0	0	0	0	0	0	0.578	0.578
IL1B	MTOR	9606.ENSP00000263341	9606.ENSP00000354558	0	0	0	0	0	0	0	0.667	0.667
IL1B	PARP1	9606.ENSP00000263341	9606.ENSP00000355759	0	0	0	0	0	0	0	0.678	0.678
IL1B	TP53	9606.ENSP00000263341	9606.ENSP00000269305	0	0	0	0	0	0	0	0.718	0.718
IL1B	NFE2L2	9606.ENSP00000263341	9606.ENSP00000380252	0	0	0	0	0.097	0	0	0.733	0.749
IL1B	MYC	9606.ENSP00000263341	9606.ENSP00000478887	0	0	0	0	0.113	0.129	0	0.736	0.778
IL1B	PPARG	9606.ENSP00000263341	9606.ENSP00000287820	0	0	0	0	0.104	0	0	0.848	0.858
IL1B	MMP9	9606.ENSP00000263341	9606.ENSP00000361405	0	0	0	0	0.275	0.051	0	0.932	0.949
IL1B	PTGS2	9606.ENSP00000263341	9606.ENSP00000356438	0	0	0	0	0.656	0	0	0.928	0.974
IL1B	IL6	9606.ENSP00000263341	9606.ENSP00000385675	0	0	0	0	0.515	0	0.400	0.989	0.996
IL1B	TNF	9606.ENSP00000263341	9606.ENSP00000398698	0	0	0	0	0.616	0	0.400	0.993	0.998
IL2	MAPK1	9606.ENSP00000226730	9606.ENSP00000215832	0	0	0	0	0.058	0.045	0	0.398	0.411
IL2	TIMP1	9606.ENSP00000226730	9606.ENSP00000218388	0	0	0	0	0	0	0	0.487	0.487
IL2	MMP2	9606.ENSP00000226730	9606.ENSP00000219070	0	0	0	0	0.053	0	0	0.465	0.472
IL2	KDR	9606.ENSP00000226730	9606.ENSP00000263923	0	0	0	0	0	0	0	0.440	0.440
IL2	PPARG	9606.ENSP00000226730	9606.ENSP00000287820	0	0	0	0	0	0	0	0.484	0.484
IL2	IRF1	9606.ENSP00000226730	9606.ENSP00000245414	0	0	0	0	0.052	0	0	0.506	0.512
IL2	MMP9	9606.ENSP00000226730	9606.ENSP00000361405	0	0	0	0	0.053	0	0	0.596	0.601
IL2	PTGS2	9606.ENSP00000226730	9606.ENSP00000356438	0	0	0	0	0.043	0	0	0.606	0.607
IL2	MTOR	9606.ENSP00000226730	9606.ENSP00000354558	0	0	0	0	0	0	0	0.612	0.612
IL2	MDM2	9606.ENSP00000226730	9606.ENSP00000258149	0	0	0	0	0.052	0	0	0.672	0.675
IL2	MYC	9606.ENSP00000226730	9606.ENSP00000478887	0	0	0	0	0.044	0	0	0.709	0.709
IL2	TP53	9606.ENSP00000226730	9606.ENSP00000269305	0	0	0	0	0	0	0	0.741	0.741
IL2	TNF	9606.ENSP00000226730	9606.ENSP00000398698	0	0	0	0	0.072	0	0	0.955	0.957
IL2	IL6	9606.ENSP00000226730	9606.ENSP00000385675	0	0	0	0	0.055	0	0	0.999	0.999
IL6	MAPK1	9606.ENSP00000385675	9606.ENSP00000215832	0	0	0	0	0.055	0	0.400	0.897	0.936
IL6	TIMP1	9606.ENSP00000385675	9606.ENSP00000218388	0	0	0	0	0.152	0	0.400	0.888	0.938
IL6	MMP2	9606.ENSP00000385675	9606.ENSP00000219070	0	0	0	0	0.116	0	0.400	0.734	0.847
IL6	IRF1	9606.ENSP00000385675	9606.ENSP00000245414	0	0	0	0	0.151	0	0	0.650	0.691
IL6	MDM2	9606.ENSP00000385675	9606.ENSP00000258149	0	0	0	0	0	0	0	0.448	0.448
IL6	KDR	9606.ENSP00000385675	9606.ENSP00000263923	0	0	0	0	0.056	0	0	0.650	0.656
IL6	TP53	9606.ENSP00000385675	9606.ENSP00000269305	0	0	0	0	0	0	0	0.777	0.777
IL6	PPARG	9606.ENSP00000385675	9606.ENSP00000287820	0	0	0	0	0.082	0	0	0.812	0.820
IL6	MET	9606.ENSP00000385675	9606.ENSP00000317272	0	0	0	0	0.067	0	0	0.852	0.856
IL6	PGR	9606.ENSP00000385675	9606.ENSP00000325120	0	0	0	0	0.054	0	0	0.476	0.483
IL6	MTOR	9606.ENSP00000385675	9606.ENSP00000354558	0	0	0	0	0	0	0	0.772	0.772
IL6	PARP1	9606.ENSP00000385675	9606.ENSP00000355759	0	0	0	0	0	0	0	0.571	0.571
IL6	PTGS2	9606.ENSP00000385675	9606.ENSP00000356438	0	0	0	0	0.484	0	0	0.926	0.960
IL6	MMP9	9606.ENSP00000385675	9606.ENSP00000361405	0	0	0	0	0.106	0	0.400	0.930	0.959
IL6	NFE2L2	9606.ENSP00000385675	9606.ENSP00000380252	0	0	0	0	0.085	0	0	0.803	0.812
IL6	MYC	9606.ENSP00000385675	9606.ENSP00000478887	0	0	0	0	0.129	0	0	0.702	0.730
IL6	TNF	9606.ENSP00000385675	9606.ENSP00000398698	0	0	0	0	0.261	0	0.400	0.989	0.994
IRF1	NFE2L2	9606.ENSP00000245414	9606.ENSP00000380252	0	0	0	0	0.199	0.057	0	0.270	0.401
IRF1	MMP9	9606.ENSP00000245414	9606.ENSP00000361405	0	0	0	0	0.158	0	0	0.324	0.407
IRF1	PTGS2	9606.ENSP00000245414	9606.ENSP00000356438	0	0	0	0	0.127	0	0	0.434	0.485
IRF1	MYC	9606.ENSP00000245414	9606.ENSP00000478887	0	0	0	0	0.059	0	0	0.479	0.489
IRF1	TP53	9606.ENSP00000245414	9606.ENSP00000269305	0	0	0	0	0	0	0	0.519	0.519
IRF1	PPARG	9606.ENSP00000245414	9606.ENSP00000287820	0	0	0	0	0.092	0.054	0	0.577	0.605
IRF1	TNF	9606.ENSP00000245414	9606.ENSP00000398698	0	0	0	0	0.294	0	0	0.662	0.751
IRF1	MDM2	9606.ENSP00000245414	9606.ENSP00000258149	0	0	0	0	0.049	0.626	0.900	0.272	0.970
KDR	MAPK1	9606.ENSP00000263923	9606.ENSP00000215832	0	0	0	0.601	0	0.295	0	0.189	0.404
KDR	TIMP1	9606.ENSP00000263923	9606.ENSP00000218388	0	0	0	0	0	0	0	0.681	0.681
KDR	MMP2	9606.ENSP00000263923	9606.ENSP00000219070	0	0	0	0	0.086	0	0	0.610	0.628
KDR	MDM2	9606.ENSP00000263923	9606.ENSP00000258149	0	0	0	0	0	0.045	0	0.431	0.433
KDR	PGR	9606.ENSP00000263923	9606.ENSP00000325120	0	0	0	0	0	0.045	0	0.408	0.411
KDR	PARP1	9606.ENSP00000263923	9606.ENSP00000355759	0	0	0	0	0	0	0	0.435	0.435
KDR	PTGS2	9606.ENSP00000263923	9606.ENSP00000356438	0	0	0	0	0.079	0	0	0.491	0.511
KDR	MTOR	9606.ENSP00000263923	9606.ENSP00000354558	0	0	0	0	0	0	0	0.583	0.583
KDR	TNF	9606.ENSP00000263923	9606.ENSP00000398698	0	0	0	0	0.056	0	0	0.611	0.617
KDR	PPARG	9606.ENSP00000263923	9606.ENSP00000287820	0	0	0	0	0	0.045	0	0.642	0.644
KDR	MYC	9606.ENSP00000263923	9606.ENSP00000478887	0	0	0	0	0	0	0	0.723	0.723
KDR	TP53	9606.ENSP00000263923	9606.ENSP00000269305	0	0	0	0	0.059	0.225	0	0.660	0.730
KDR	MMP9	9606.ENSP00000263923	9606.ENSP00000361405	0	0	0	0	0.057	0	0	0.807	0.811
KDR	MET	9606.ENSP00000263923	9606.ENSP00000317272	0	0	0	0.568	0	0.345	0	0.782	0.851
MAPK1	MMP2	9606.ENSP00000215832	9606.ENSP00000219070	0	0	0	0	0.047	0	0	0.404	0.408
MAPK1	NFE2L2	9606.ENSP00000215832	9606.ENSP00000380252	0	0	0	0	0.071	0.091	0	0.379	0.430
MAPK1	PARP1	9606.ENSP00000215832	9606.ENSP00000355759	0	0	0	0	0.095	0.292	0	0.438	0.609
MAPK1	MDM2	9606.ENSP00000215832	9606.ENSP00000258149	0	0	0	0	0.049	0.050	0	0.629	0.635
MAPK1	PGR	9606.ENSP00000215832	9606.ENSP00000325120	0	0	0	0	0.049	0.292	0	0.538	0.662
MAPK1	MTOR	9606.ENSP00000215832	9606.ENSP00000354558	0	0	0	0	0.105	0.258	0	0.554	0.678
MAPK1	MMP9	9606.ENSP00000215832	9606.ENSP00000361405	0	0	0	0	0.104	0	0	0.661	0.684
MAPK1	PPARG	9606.ENSP00000215832	9606.ENSP00000287820	0	0	0	0	0	0.510	0	0.483	0.736
MAPK1	TNF	9606.ENSP00000215832	9606.ENSP00000398698	0	0	0	0	0.083	0	0	0.746	0.757
MAPK1	PTGS2	9606.ENSP00000215832	9606.ENSP00000356438	0	0	0	0	0.106	0.052	0	0.762	0.780
MAPK1	RAF1	9606.ENSP00000215832	9606.ENSP00000401888	0	0	0	0.588	0.115	0.800	0.700	0.593	0.975
MAPK1	MYC	9606.ENSP00000215832	9606.ENSP00000478887	0	0	0	0	0	0.643	0.900	0.582	0.983
MAPK1	TP53	9606.ENSP00000215832	9606.ENSP00000269305	0	0	0	0	0.045	0.806	0.900	0.912	0.998
MDM2	MMP2	9606.ENSP00000258149	9606.ENSP00000219070	0	0	0	0	0	0	0	0.400	0.400
MDM2	NFE2L2	9606.ENSP00000258149	9606.ENSP00000380252	0	0	0	0	0.077	0	0	0.377	0.401
MDM2	RAF1	9606.ENSP00000258149	9606.ENSP00000401888	0	0	0	0	0.072	0.050	0	0.385	0.411
MDM2	PTGS2	9606.ENSP00000258149	9606.ENSP00000356438	0	0	0	0	0.051	0.095	0	0.399	0.439
MDM2	MET	9606.ENSP00000258149	9606.ENSP00000317272	0	0	0	0	0	0.050	0	0.455	0.460
MDM2	PGR	9606.ENSP00000258149	9606.ENSP00000325120	0	0	0	0	0	0	0	0.596	0.596
MDM2	MTOR	9606.ENSP00000258149	9606.ENSP00000354558	0	0	0	0	0	0	0	0.598	0.598
MDM2	TNF	9606.ENSP00000258149	9606.ENSP00000398698	0	0	0	0	0	0	0	0.625	0.625
MDM2	MMP9	9606.ENSP00000258149	9606.ENSP00000361405	0	0	0	0	0	0	0	0.628	0.628
MDM2	PARP1	9606.ENSP00000258149	9606.ENSP00000355759	0	0	0	0	0.065	0	0	0.659	0.667
MDM2	PPARG	9606.ENSP00000258149	9606.ENSP00000287820	0	0	0	0	0	0.516	0	0.370	0.682
MDM2	MYC	9606.ENSP00000258149	9606.ENSP00000478887	0	0	0	0	0	0.221	0	0.770	0.813
MDM2	RASSF1	9606.ENSP00000258149	9606.ENSP00000349547	0	0	0	0	0.105	0.516	0	0.772	0.892
MDM2	RB1	9606.ENSP00000258149	9606.ENSP00000267163	0	0	0	0	0.042	0.889	0.900	0.925	0.999
MDM2	TP53	9606.ENSP00000258149	9606.ENSP00000269305	0	0	0	0	0.116	0.999	0.900	0.999	0.999
MET	MMP2	9606.ENSP00000317272	9606.ENSP00000219070	0	0	0	0	0.069	0	0	0.694	0.703
MET	TP53	9606.ENSP00000317272	9606.ENSP00000269305	0	0	0	0	0	0.189	0	0.769	0.804
MET	PTGS2	9606.ENSP00000317272	9606.ENSP00000356438	0	0	0	0	0.056	0	0	0.413	0.422
MET	MTOR	9606.ENSP00000317272	9606.ENSP00000354558	0	0	0	0	0	0.073	0	0.607	0.620
MET	TNF	9606.ENSP00000317272	9606.ENSP00000398698	0	0	0	0	0	0.057	0	0.651	0.657
MET	MYC	9606.ENSP00000317272	9606.ENSP00000478887	0	0	0	0	0.050	0.190	0	0.608	0.672
MET	PARP1	9606.ENSP00000317272	9606.ENSP00000355759	0	0	0	0	0.067	0	0	0.692	0.701
MET	MMP9	9606.ENSP00000317272	9606.ENSP00000361405	0	0	0	0	0.049	0	0	0.744	0.746
MMP2	TIMP1	9606.ENSP00000219070	9606.ENSP00000218388	0	0	0	0	0.148	0.160	0.400	0.994	0.997
MMP2	PGR	9606.ENSP00000219070	9606.ENSP00000325120	0	0	0	0	0	0	0	0.443	0.443
MMP2	PARP1	9606.ENSP00000219070	9606.ENSP00000355759	0	0	0	0	0	0	0	0.479	0.479
MMP2	PPARG	9606.ENSP00000219070	9606.ENSP00000287820	0	0	0	0	0	0	0	0.511	0.511
MMP2	MTOR	9606.ENSP00000219070	9606.ENSP00000354558	0	0	0	0	0	0	0	0.512	0.512
MMP2	MYC	9606.ENSP00000219070	9606.ENSP00000478887	0	0	0	0	0.074	0	0	0.621	0.634
MMP2	TP53	9606.ENSP00000219070	9606.ENSP00000269305	0	0	0	0	0	0	0	0.669	0.669
MMP2	TNF	9606.ENSP00000219070	9606.ENSP00000398698	0	0	0	0	0.074	0	0	0.720	0.729
MMP2	PTGS2	9606.ENSP00000219070	9606.ENSP00000356438	0	0	0	0	0.079	0	0	0.755	0.764
MMP2	MMP9	9606.ENSP00000219070	9606.ENSP00000361405	0	0	0.061	0.927	0.128	0	0.900	0.116	0.918
MMP9	TIMP1	9606.ENSP00000361405	9606.ENSP00000218388	0	0	0	0	0.075	0.572	0.900	0.999	0.999
MMP9	TP53	9606.ENSP00000361405	9606.ENSP00000269305	0	0	0	0	0	0	0	0.838	0.838
MMP9	PPARG	9606.ENSP00000361405	9606.ENSP00000287820	0	0	0	0	0	0	0	0.765	0.765
MMP9	PGR	9606.ENSP00000361405	9606.ENSP00000325120	0	0	0	0	0	0	0	0.518	0.518
MMP9	MTOR	9606.ENSP00000361405	9606.ENSP00000354558	0	0	0	0	0	0	0	0.588	0.588
MMP9	PARP1	9606.ENSP00000361405	9606.ENSP00000355759	0	0	0	0	0	0	0	0.553	0.553
MMP9	PTGS2	9606.ENSP00000361405	9606.ENSP00000356438	0	0	0	0	0.176	0	0	0.785	0.815
MMP9	RAF1	9606.ENSP00000361405	9606.ENSP00000401888	0	0	0	0	0.102	0	0	0.398	0.437
MMP9	NFE2L2	9606.ENSP00000361405	9606.ENSP00000380252	0	0	0	0	0.050	0	0	0.531	0.536
MMP9	MYC	9606.ENSP00000361405	9606.ENSP00000478887	0	0	0	0	0.046	0	0	0.702	0.704
MMP9	TNF	9606.ENSP00000361405	9606.ENSP00000398698	0	0	0	0	0.207	0	0	0.915	0.930
MTOR	TP53	9606.ENSP00000354558	9606.ENSP00000269305	0	0	0	0	0	0.466	0	0.773	0.874
MTOR	PPARG	9606.ENSP00000354558	9606.ENSP00000287820	0	0	0	0	0	0	0.900	0.655	0.964
MTOR	PGR	9606.ENSP00000354558	9606.ENSP00000325120	0	0	0	0	0	0	0	0.488	0.488
MTOR	PTGS2	9606.ENSP00000354558	9606.ENSP00000356438	0	0	0	0	0	0	0	0.575	0.575
MTOR	RAF1	9606.ENSP00000354558	9606.ENSP00000401888	0	0	0	0	0.121	0.073	0	0.523	0.578
MTOR	NFE2L2	9606.ENSP00000354558	9606.ENSP00000380252	0	0	0	0	0.049	0	0	0.634	0.637
MTOR	PARP1	9606.ENSP00000354558	9606.ENSP00000355759	0	0	0	0	0.067	0.041	0	0.649	0.658
MTOR	TNF	9606.ENSP00000354558	9606.ENSP00000398698	0	0	0	0	0	0	0	0.671	0.671
MTOR	MYC	9606.ENSP00000354558	9606.ENSP00000478887	0	0	0	0	0	0.091	0	0.716	0.730
MYC	TIMP1	9606.ENSP00000478887	9606.ENSP00000218388	0	0	0	0	0.127	0	0	0.391	0.446
MYC	RB1	9606.ENSP00000478887	9606.ENSP00000267163	0	0	0	0	0.042	0.594	0	0.736	0.888
MYC	TP53	9606.ENSP00000478887	9606.ENSP00000269305	0	0	0	0	0.067	0.300	0	0.997	0.997
MYC	PPARG	9606.ENSP00000478887	9606.ENSP00000287820	0	0	0	0	0.053	0.045	0	0.582	0.588
MYC	PGR	9606.ENSP00000478887	9606.ENSP00000325120	0	0	0	0	0.053	0.294	0	0.594	0.705
MYC	RASSF1	9606.ENSP00000478887	9606.ENSP00000349547	0	0	0	0	0	0.166	0	0.472	0.540
MYC	PARP1	9606.ENSP00000478887	9606.ENSP00000355759	0	0	0	0	0.064	0.174	0	0.717	0.762
MYC	PTGS2	9606.ENSP00000478887	9606.ENSP00000356438	0	0	0	0	0.091	0	0	0.699	0.715
MYC	NFE2L2	9606.ENSP00000478887	9606.ENSP00000380252	0	0	0	0	0.066	0.531	0.750	0.693	0.961
MYC	TNF	9606.ENSP00000478887	9606.ENSP00000398698	0	0	0	0	0.062	0	0	0.696	0.702
MYC	RAF1	9606.ENSP00000478887	9606.ENSP00000401888	0	0	0	0	0.055	0.444	0	0.571	0.755
NFE2L2	TP53	9606.ENSP00000380252	9606.ENSP00000269305	0	0	0	0	0.044	0.294	0	0.700	0.780
NFE2L2	PPARG	9606.ENSP00000380252	9606.ENSP00000287820	0	0	0	0	0.042	0	0	0.830	0.831
NFE2L2	PARP1	9606.ENSP00000380252	9606.ENSP00000355759	0	0	0	0	0	0	0	0.475	0.475
NFE2L2	PTGS2	9606.ENSP00000380252	9606.ENSP00000356438	0	0	0	0	0.109	0	0	0.674	0.698
NFE2L2	TNF	9606.ENSP00000380252	9606.ENSP00000398698	0	0	0	0	0.085	0	0	0.687	0.701
PARP1	RB1	9606.ENSP00000355759	9606.ENSP00000267163	0	0	0	0	0.099	0.140	0	0.446	0.533
PARP1	TP53	9606.ENSP00000355759	9606.ENSP00000269305	0	0	0	0	0.067	0.794	0	0.870	0.972
PARP1	PPARG	9606.ENSP00000355759	9606.ENSP00000287820	0	0	0	0	0.067	0	0	0.623	0.633
PARP1	PGR	9606.ENSP00000355759	9606.ENSP00000325120	0	0	0	0	0.092	0.309	0	0.577	0.711
PARP1	RAF1	9606.ENSP00000355759	9606.ENSP00000401888	0	0	0	0	0.066	0	0	0.454	0.469
PARP1	PTGS2	9606.ENSP00000355759	9606.ENSP00000356438	0	0	0	0	0.084	0	0	0.479	0.502
PARP1	TNF	9606.ENSP00000355759	9606.ENSP00000398698	0	0	0	0	0	0	0	0.735	0.735
PGR	RB1	9606.ENSP00000325120	9606.ENSP00000267163	0	0	0	0	0.087	0.053	0	0.768	0.782
PGR	TP53	9606.ENSP00000325120	9606.ENSP00000269305	0	0	0	0	0	0	0	0.849	0.849
PGR	TNF	9606.ENSP00000325120	9606.ENSP00000398698	0	0	0	0	0.055	0	0	0.436	0.444
PGR	PTGS2	9606.ENSP00000325120	9606.ENSP00000356438	0	0	0	0	0.047	0	0	0.585	0.587
PPARG	TIMP1	9606.ENSP00000287820	9606.ENSP00000218388	0	0	0	0	0.114	0	0	0.506	0.544
PPARG	RB1	9606.ENSP00000287820	9606.ENSP00000267163	0	0	0	0	0	0.300	0	0.248	0.451
PPARG	TP53	9606.ENSP00000287820	9606.ENSP00000269305	0	0	0	0	0	0.305	0.500	0.866	0.949
PPARG	PTGS2	9606.ENSP00000287820	9606.ENSP00000356438	0	0	0	0	0.063	0	0	0.729	0.735
PPARG	TNF	9606.ENSP00000287820	9606.ENSP00000398698	0	0	0	0	0.099	0	0	0.795	0.807
PTGS2	TIMP1	9606.ENSP00000356438	9606.ENSP00000218388	0	0	0	0	0.088	0	0	0.543	0.566
PTGS2	TP53	9606.ENSP00000356438	9606.ENSP00000269305	0	0	0	0	0	0.820	0	0.866	0.974
PTGS2	TNF	9606.ENSP00000356438	9606.ENSP00000398698	0	0	0	0	0.185	0	0	0.901	0.916
RAF1	RB1	9606.ENSP00000401888	9606.ENSP00000267163	0	0	0	0	0.042	0.785	0	0.211	0.824
RAF1	TP53	9606.ENSP00000401888	9606.ENSP00000269305	0	0	0	0	0.081	0	0	0.588	0.605
RASSF1	TP53	9606.ENSP00000349547	9606.ENSP00000269305	0	0	0	0	0	0	0	0.620	0.620
RB1	TP53	9606.ENSP00000267163	9606.ENSP00000269305	0	0	0	0	0.064	0.510	0	0.872	0.936
TIMP1	TP53	9606.ENSP00000218388	9606.ENSP00000269305	0	0	0	0	0	0	0	0.681	0.681
TIMP1	TNF	9606.ENSP00000218388	9606.ENSP00000398698	0	0	0	0	0.044	0	0	0.726	0.727
TNF	TP53	9606.ENSP00000398698	9606.ENSP00000269305	0	0	0	0	0	0	0	0.865	0.865
